"","x"
"1","A2M_LRP1"
"2","AANAT_MTNR1A"
"3","AANAT_MTNR1B"
"4","ACE_AGTR2"
"5","ACE_BDKRB2"
"6","ADAM10_AXL"
"7","ADAM10_EPHA3"
"8","ADAM12_ITGA9"
"9","ADAM12_ITGB1"
"10","ADAM12_SDC4"
"11","ADAM15_ITGA5"
"12","ADAM15_ITGA9"
"13","ADAM15_ITGAV"
"14","ADAM15_ITGB1"
"15","ADAM15_ITGB3"
"16","ADAM17_ERBB4"
"17","ADAM17_ITGA5"
"18","ADAM17_ITGB1"
"19","ADAM17_NOTCH1"
"20","ADAM23_ITGA5"
"21","ADAM23_ITGB3"
"22","ADAM28_ITGA4"
"23","ADAM2_CD9"
"24","ADAM2_ITGA6"
"25","ADAM2_ITGA9"
"26","ADAM2_ITGB1"
"27","ADAM2_ITGB7"
"28","ADAM9_ITGA3"
"29","ADAM9_ITGA6"
"30","ADAM9_ITGAV"
"31","ADAM9_ITGB1"
"32","ADAM9_ITGB5"
"33","ADCYAP1_ADCYAP1R1"
"34","ADCYAP1_SCTR"
"35","ADCYAP1_VIPR1"
"36","ADCYAP1_VIPR2"
"37","ADIPOQ_ADIPOR1"
"38","ADIPOQ_ADIPOR2"
"39","ADM2_CALCR"
"40","ADM2_CALCRL"
"41","ADM2_RAMP1"
"42","ADM_CALCR"
"43","ADM_CALCRL"
"44","ADM_GPR182"
"45","ADM_MRGPRX2"
"46","ADM_RAMP2"
"47","AGRN_ATP1A3"
"48","AGRN_LRP4"
"49","AGRN_MUSK"
"50","AGRP_MC3R"
"51","AGRP_MC4R"
"52","AGRP_MC5R"
"53","AGRP_SDC3"
"54","AGT_AGTR1"
"55","AGT_AGTR2"
"56","AGT_LRP2"
"57","AGT_MAS1"
"58","AHSG_INSR"
"59","ALB_LRP2"
"60","ALOX5AP_ALOX5"
"61","AMELX_LAMP1"
"62","AMELY_LAMP1"
"63","AMH_ACVR1"
"64","AMH_AMHR2"
"65","AMH_EGFR"
"66","ANGPT1_ITGA5"
"67","ANGPT1_ITGB1"
"68","ANGPT1_TEK"
"69","ANGPT1_TIE1"
"70","ANGPT2_TEK"
"71","ANGPT2_TIE1"
"72","ANGPT4_TEK"
"73","ANGPT4_TIE1"
"74","ANGPTL1_TEK"
"75","ANGPTL2_TIE1"
"76","ANGPTL3_ITGA5"
"77","ANGPTL3_ITGAV"
"78","ANGPTL3_ITGB3"
"79","ANGPTL4_TIE1"
"80","ANXA1_DYSF"
"81","ANXA1_EGFR"
"82","ANXA1_FPR1"
"83","ANXA1_FPR2"
"84","ANXA1_FPR3"
"85","APLN_APLNR"
"86","APOB_CALCR"
"87","APOB_ITGAM"
"88","APOB_ITGB2"
"89","APOB_LDLR"
"90","APOB_LRP2"
"91","APOB_LRP6"
"92","APOB_LRP8"
"93","APOB_LSR"
"94","APOB_OLR1"
"95","APOC3_SDC2"
"96","APOC3_TLR2"
"97","APOD_LEPR"
"98","APOE_CHRNA4"
"99","APOE_LDLR"
"100","APOE_LRP1"
"101","APOE_LRP2"
"102","APOE_LRP5"
"103","APOE_LRP8"
"104","APOE_SCARB1"
"105","APOE_SORL1"
"106","APOE_VLDLR"
"107","APP_CAV1"
"108","APP_CD74"
"109","APP_FPR2"
"110","APP_GPC1"
"111","APP_LRP1"
"112","APP_NCSTN"
"113","APP_NGFR"
"114","APP_SLC45A3"
"115","APP_TNFRSF21"
"116","AREGB_EGFR"
"117","AREGB_ERBB3"
"118","AREG_EGFR"
"119","AREG_ERBB3"
"120","ARF1_CHRM3"
"121","ARF1_INSR"
"122","ARF1_PLD2"
"123","ARTN_GFRA1"
"124","ARTN_GFRA3"
"125","ARTN_RET"
"126","ASIP_ATRN"
"127","ASIP_F11R"
"128","ASIP_MC1R"
"129","ASIP_MC2R"
"130","ASIP_MC3R"
"131","ASIP_MC4R"
"132","ASIP_MC5R"
"133","ASIP_MGRN1"
"134","AVP_AVPR1A"
"135","AVP_AVPR1B"
"136","AVP_AVPR2"
"137","AVP_OXTR"
"138","AZGP1_ITGAV"
"139","B2M_CD1A"
"140","B2M_CD1B"
"141","B2M_CD247"
"142","B2M_CD3D"
"143","B2M_CD3G"
"144","B2M_HFE"
"145","B2M_HLA-F"
"146","B2M_KIR2DL1"
"147","B2M_KIR2DL3"
"148","B2M_KIR3DL1"
"149","B2M_KLRC1"
"150","B2M_KLRD1"
"151","B2M_LILRB1"
"152","B2M_LILRB2"
"153","B2M_TFRC"
"154","BCAN_EGFR"
"155","BCAN_NRCAM"
"156","BDNF_DDR1"
"157","BDNF_DRD4"
"158","BDNF_NGFR"
"159","BDNF_NGFRAP1"
"160","BDNF_NTRK2"
"161","BDNF_SORT1"
"162","BGN_LY96"
"163","BGN_TLR1"
"164","BGN_TLR2"
"165","BGN_TLR4"
"166","BMP10_ACVR1"
"167","BMP10_ACVR2A"
"168","BMP10_ACVR2B"
"169","BMP10_ACVRL1"
"170","BMP10_BMPR1A"
"171","BMP10_BMPR1B"
"172","BMP10_BMPR2"
"173","BMP10_ENG"
"174","BMP15_ACVR1"
"175","BMP15_ACVR2A"
"176","BMP15_ACVR2B"
"177","BMP15_BMPR1A"
"178","BMP15_BMPR1B"
"179","BMP15_BMPR2"
"180","BMP2_ACVR1"
"181","BMP2_ACVR2A"
"182","BMP2_ACVR2B"
"183","BMP2_BMPR1A"
"184","BMP2_BMPR1B"
"185","BMP2_BMPR2"
"186","BMP2_ENG"
"187","BMP2_HFE2"
"188","BMP3_ACVR1"
"189","BMP3_ACVR2A"
"190","BMP3_ACVR2B"
"191","BMP3_BMPR1A"
"192","BMP3_BMPR1B"
"193","BMP3_BMPR2"
"194","BMP4_ACVR1"
"195","BMP4_ACVR2A"
"196","BMP4_ACVR2B"
"197","BMP4_BMPR1A"
"198","BMP4_BMPR1B"
"199","BMP4_BMPR2"
"200","BMP4_HFE2"
"201","BMP5_ACVR1"
"202","BMP5_ACVR2A"
"203","BMP5_ACVR2B"
"204","BMP5_BMPR1A"
"205","BMP5_BMPR1B"
"206","BMP5_BMPR2"
"207","BMP5_HFE2"
"208","BMP6_ACVR1"
"209","BMP6_ACVR2A"
"210","BMP6_ACVR2B"
"211","BMP6_BMPR1A"
"212","BMP6_BMPR1B"
"213","BMP6_BMPR2"
"214","BMP7_ACVR1"
"215","BMP7_ACVR2A"
"216","BMP7_ACVR2B"
"217","BMP7_BMPR1A"
"218","BMP7_BMPR1B"
"219","BMP7_BMPR2"
"220","BMP7_ENG"
"221","BMP8B_ACVR1"
"222","BMP8B_ACVR2A"
"223","BMP8B_ACVR2B"
"224","BMP8B_BMPR1A"
"225","BMP8B_BMPR1B"
"226","BMP8B_BMPR2"
"227","BST1_CAV1"
"228","BTC_EGFR"
"229","BTC_ERBB2"
"230","BTC_ERBB3"
"231","BTC_ERBB4"
"232","BTLA_CD247"
"233","BTLA_CD79A"
"234","BTLA_TNFRSF14"
"235","BTLA_VTCN1"
"236","C1QA_CD93"
"237","C1QA_CR1"
"238","C1QA_CSPG4"
"239","C1QB_LRP1"
"240","C1QTNF1_AVPR2"
"241","C1QTNF5_MFRP"
"242","C1orf112_PLSCR4"
"243","C1orf194_PLSCR4"
"244","C1orf200_LY6G6C"
"245","C1orf200_SLC16A4"
"246","C3_C3AR1"
"247","C3_C5AR2"
"248","C3_CD19"
"249","C3_CD46"
"250","C3_CD81"
"251","C3_CR1"
"252","C3_IFITM1"
"253","C3_ITGAM"
"254","C3_ITGAX"
"255","C3_ITGB2"
"256","C3_LRP1"
"257","C4A_C3AR1"
"258","C4A_C5AR2"
"259","C4A_CR1"
"260","C4BPA_BMPR2"
"261","C4BPA_CD40"
"262","C4BPA_LRP1"
"263","C4B_CD46"
"264","C4B_CR1"
"265","C5_C5AR1"
"266","C5_C5AR2"
"267","C5orf55_TRAF2"
"268","C6orf15_DDR1"
"269","CALCA_CALCR"
"270","CALCA_CALCRL"
"271","CALCA_RAMP1"
"272","CALCA_RAMP2"
"273","CALCB_CALCR"
"274","CALCB_CALCRL"
"275","CALCB_RAMP1"
"276","CALM1_ABCA1"
"277","CALM1_ADCY8"
"278","CALM1_ADCYAP1R1"
"279","CALM1_AQP6"
"280","CALM1_CACNA1C"
"281","CALM1_CALCR"
"282","CALM1_CNGA2"
"283","CALM1_CRHR1"
"284","CALM1_EGFR"
"285","CALM1_FAS"
"286","CALM1_GLP1R"
"287","CALM1_GLP2R"
"288","CALM1_GP6"
"289","CALM1_GRM3"
"290","CALM1_GRM4"
"291","CALM1_GRM5"
"292","CALM1_GRM7"
"293","CALM1_HMMR"
"294","CALM1_HTR2C"
"295","CALM1_INSR"
"296","CALM1_KCNN4"
"297","CALM1_KCNQ1"
"298","CALM1_KCNQ3"
"299","CALM1_KCNQ5"
"300","CALM1_MIP"
"301","CALM1_MYLK"
"302","CALM1_MYLK2"
"303","CALM1_OPRM1"
"304","CALM1_PDE1A"
"305","CALM1_PDE1B"
"306","CALM1_PDE1C"
"307","CALM1_PPAPDC2"
"308","CALM1_PTH2R"
"309","CALM1_PTPRA"
"310","CALM1_SCN10A"
"311","CALM1_SCN4A"
"312","CALM1_SCTR"
"313","CALM1_SELL"
"314","CALM1_TRPC3"
"315","CALM1_TRPC5"
"316","CALM1_VIPR1"
"317","CALM2_ABCA1"
"318","CALM2_ADCY8"
"319","CALM2_AQP6"
"320","CALM2_CACNA1C"
"321","CALM2_EGFR"
"322","CALM2_GP6"
"323","CALM2_GRM5"
"324","CALM2_GRM7"
"325","CALM2_INSR"
"326","CALM2_KCNQ1"
"327","CALM2_KCNQ3"
"328","CALM2_KCNQ5"
"329","CALM2_MYLK"
"330","CALM2_MYLK2"
"331","CALM2_PDE1A"
"332","CALM2_PDE1B"
"333","CALM2_PDE1C"
"334","CALM2_PPAPDC2"
"335","CALM2_SCN10A"
"336","CALM2_SCN4A"
"337","CALM2_SELL"
"338","CALM2_TRPC5"
"339","CALM3_ABCA1"
"340","CALM3_ADCY8"
"341","CALM3_AQP6"
"342","CALM3_EGFR"
"343","CALM3_GP6"
"344","CALM3_GRM5"
"345","CALM3_GRM7"
"346","CALM3_INSR"
"347","CALM3_KCNQ1"
"348","CALM3_KCNQ3"
"349","CALM3_KCNQ5"
"350","CALM3_MYLK"
"351","CALM3_MYLK2"
"352","CALM3_PDE1A"
"353","CALM3_PDE1B"
"354","CALM3_PDE1C"
"355","CALM3_PPAPDC2"
"356","CALM3_SCN10A"
"357","CALM3_SCN4A"
"358","CALM3_SELL"
"359","CALM3_TRPC5"
"360","CALR_HLA-F"
"361","CALR_ITGA2B"
"362","CALR_ITGA3"
"363","CALR_ITGAV"
"364","CALR_LRP1"
"365","CALR_MTNR1A"
"366","CALR_SCARF1"
"367","CALR_TSHR"
"368","CAMP_EGFR"
"369","CAMP_FPR2"
"370","CAMP_IGF1R"
"371","CAMP_P2RX7"
"372","CCK_CCKAR"
"373","CCK_CCKBR"
"374","CCL11_ACKR2"
"375","CCL11_ACKR4"
"376","CCL11_CCR2"
"377","CCL11_CCR3"
"378","CCL11_CCR5"
"379","CCL11_CXCR3"
"380","CCL13_ACKR2"
"381","CCL13_ACKR4"
"382","CCL13_CCR1"
"383","CCL13_CCR2"
"384","CCL13_CCR3"
"385","CCL13_CCR5"
"386","CCL13_CCR9"
"387","CCL13_CXCR3"
"388","CCL14_ACKR2"
"389","CCL14_CCR1"
"390","CCL14_CCR3"
"391","CCL14_CCR5"
"392","CCL15_CCR1"
"393","CCL15_CCR3"
"394","CCL16_CCR1"
"395","CCL16_CCR2"
"396","CCL16_CCR5"
"397","CCL16_CCR8"
"398","CCL16_HRH4"
"399","CCL17_CCR4"
"400","CCL17_CCR8"
"401","CCL17_DARC"
"402","CCL18_C14orf1"
"403","CCL19_ACKR2"
"404","CCL19_ACKR4"
"405","CCL19_CCR10"
"406","CCL19_CCR7"
"407","CCL19_CCRL2"
"408","CCL19_CXCR3"
"409","CCL1_CCR8"
"410","CCL20_CCR6"
"411","CCL20_CXCR3"
"412","CCL21_ACKR2"
"413","CCL21_ACKR4"
"414","CCL21_CCR7"
"415","CCL21_CXCR3"
"416","CCL22_CCR4"
"417","CCL23_CCR1"
"418","CCL24_CCR2"
"419","CCL24_CCR3"
"420","CCL25_ACKR2"
"421","CCL25_ACKR4"
"422","CCL25_CCR10"
"423","CCL25_CCR9"
"424","CCL26_CCR1"
"425","CCL26_CCR2"
"426","CCL26_CCR3"
"427","CCL27_ACKR2"
"428","CCL27_CCR10"
"429","CCL28_ACKR2"
"430","CCL28_CCR10"
"431","CCL28_CCR3"
"432","CCL2_ACKR2"
"433","CCL2_ACKR4"
"434","CCL2_CCR1"
"435","CCL2_CCR10"
"436","CCL2_CCR2"
"437","CCL2_CCR3"
"438","CCL2_CCR4"
"439","CCL2_CCR5"
"440","CCL2_DARC"
"441","CCL3L1_CCR1"
"442","CCL3L1_CCR3"
"443","CCL3L1_CCR5"
"444","CCL3L3_ACKR2"
"445","CCL3L3_CCR5"
"446","CCL3_ACKR2"
"447","CCL3_CCR1"
"448","CCL3_CCR3"
"449","CCL3_CCR4"
"450","CCL3_CCR5"
"451","CCL4_ACKR2"
"452","CCL4_CCR1"
"453","CCL4_CCR3"
"454","CCL4_CCR5"
"455","CCL4_CCR8"
"456","CCL5_ACKR2"
"457","CCL5_ACKR4"
"458","CCL5_CCR1"
"459","CCL5_CCR3"
"460","CCL5_CCR4"
"461","CCL5_CCR5"
"462","CCL5_CXCR3"
"463","CCL5_DARC"
"464","CCL5_GPR75"
"465","CCL5_SDC1"
"466","CCL5_SDC4"
"467","CCL7_ACKR2"
"468","CCL7_ACKR4"
"469","CCL7_CCR1"
"470","CCL7_CCR10"
"471","CCL7_CCR2"
"472","CCL7_CCR3"
"473","CCL7_CCR5"
"474","CCL7_CXCR3"
"475","CCL7_DARC"
"476","CCL8_ACKR2"
"477","CCL8_ACKR4"
"478","CCL8_CCR1"
"479","CCL8_CCR2"
"480","CCL8_CCR3"
"481","CCL8_CCR5"
"482","CCL8_DARC"
"483","CD14_ITGA4"
"484","CD14_ITGB1"
"485","CD24_SELP"
"486","CD34_SELL"
"487","CD34_SELP"
"488","CD40LG_CD40"
"489","CD40LG_ITGAM"
"490","CD40LG_ITGB2"
"491","CD40LG_TRAF3"
"492","CD55_CD97"
"493","CD55_CR1"
"494","CD55_EMR2"
"495","CD5L_CD5"
"496","CD70_CD27"
"497","CDH1_CDH2"
"498","CDH1_EGFR"
"499","CDH1_ERBB3"
"500","CDH1_IGF1R"
"501","CDH1_ITGAE"
"502","CDH1_ITGB7"
"503","CDH1_KLRG1"
"504","CDH1_LRP5"
"505","CDH1_PTPRF"
"506","CDH1_PTPRM"
"507","CELA3B_CHRM3"
"508","CEL_CXCR4"
"509","CFH_ITGAM"
"510","CFH_SELL"
"511","CGA_FSHR"
"512","CGA_LHCGR"
"513","CGA_SIRPA"
"514","CGA_TSHR"
"515","CGB8_SIRPA"
"516","CGB_LHCGR"
"517","CGN_F11R"
"518","CGN_OCLN"
"519","CGN_TGFBR1"
"520","CGN_TGFBR2"
"521","CHAD_ITGA2"
"522","CHAD_ITGB1"
"523","CLCF1_CNTFR"
"524","CLCF1_CRLF1"
"525","CLCF1_IL6ST"
"526","CLCF1_LIFR"
"527","CLEC11A_KIT"
"528","CLEC3A_CLEC10A"
"529","CLEC3A_CLEC2B"
"530","CNTF_CNTFR"
"531","CNTF_IL6R"
"532","CNTF_IL6ST"
"533","CNTF_LIFR"
"534","CNTN2_CNTN1"
"535","CNTN2_CNTNAP2"
"536","CNTN2_NRCAM"
"537","CNTN2_NRP1"
"538","CNTN4_PTPRG"
"539","COL11A1_DDR1"
"540","COL11A1_ITGA2"
"541","COL11A1_ITGB1"
"542","COL14A1_CD44"
"543","COL18A1_GPC1"
"544","COL18A1_GPC4"
"545","COL18A1_ITGA5"
"546","COL18A1_ITGB1"
"547","COL18A1_KDR"
"548","COL1A1_CD36"
"549","COL1A1_CD44"
"550","COL1A1_CD93"
"551","COL1A1_DDR1"
"552","COL1A1_DDR2"
"553","COL1A1_FLT4"
"554","COL1A1_ITGA1"
"555","COL1A1_ITGA11"
"556","COL1A1_ITGA2"
"557","COL1A1_ITGA5"
"558","COL1A1_ITGAV"
"559","COL1A1_ITGB1"
"560","COL1A1_TMPRSS6"
"561","COL1A2_CD36"
"562","COL1A2_CD44"
"563","COL1A2_CD93"
"564","COL1A2_FLT4"
"565","COL1A2_ITGA1"
"566","COL1A2_ITGA11"
"567","COL1A2_ITGA2"
"568","COL1A2_ITGA2B"
"569","COL1A2_ITGAV"
"570","COL1A2_ITGB1"
"571","COL1A2_ITGB3"
"572","COL2A1_DDR1"
"573","COL2A1_ITGA1"
"574","COL2A1_ITGA10"
"575","COL2A1_ITGA2"
"576","COL2A1_ITGA2B"
"577","COL2A1_ITGB1"
"578","COL2A1_MAG"
"579","COL2A1_OR1E1"
"580","COL2A1_TNFRSF10A"
"581","COL3A1_DDR1"
"582","COL3A1_DDR2"
"583","COL3A1_ITGA2"
"584","COL3A1_ITGB1"
"585","COL3A1_MAG"
"586","COL4A1_CD47"
"587","COL4A1_CD93"
"588","COL4A1_ITGA1"
"589","COL4A1_ITGA2"
"590","COL4A1_ITGAV"
"591","COL4A1_ITGB1"
"592","COL4A1_ITGB8"
"593","COL4A2_CD93"
"594","COL4A3_CD47"
"595","COL4A3_CD93"
"596","COL4A3_ITGA1"
"597","COL4A3_ITGA2"
"598","COL4A3_ITGAV"
"599","COL4A3_ITGB1"
"600","COL4A4_CD47"
"601","COL4A4_CD93"
"602","COL4A4_ITGA1"
"603","COL4A4_ITGA2"
"604","COL4A4_ITGAV"
"605","COL4A4_ITGB1"
"606","COL4A5_CD47"
"607","COL4A5_CD93"
"608","COL4A5_ITGA1"
"609","COL4A5_ITGA2"
"610","COL4A5_ITGAV"
"611","COL4A5_ITGB1"
"612","COL4A6_CD47"
"613","COL4A6_CD93"
"614","COL4A6_ITGA1"
"615","COL4A6_ITGA2"
"616","COL4A6_ITGAV"
"617","COL4A6_ITGB1"
"618","COL5A1_ITGA1"
"619","COL5A1_ITGB1"
"620","COL5A1_SDC3"
"621","COL5A2_DDR1"
"622","COL5A2_ITGA1"
"623","COL5A2_ITGB1"
"624","COL5A3_SDC3"
"625","COL6A1_ITGA1"
"626","COL6A1_ITGA2"
"627","COL6A1_ITGA6"
"628","COL6A1_ITGB1"
"629","COL6A2_ITGA1"
"630","COL6A2_ITGA2"
"631","COL6A2_ITGB1"
"632","COL6A3_ITGA1"
"633","COL6A3_ITGA2"
"634","COL6A3_ITGB1"
"635","COL7A1_ITGA2"
"636","COL7A1_ITGB1"
"637","COL8A1_ITGA1"
"638","COL8A1_ITGA2"
"639","COL9A1_MAG"
"640","COL9A2_MAG"
"641","COL9A3_MAG"
"642","COLQ_MUSK"
"643","CORT_GHSR"
"644","CORT_MRGPRX2"
"645","CORT_SSTR1"
"646","CORT_SSTR2"
"647","CORT_SSTR3"
"648","CORT_SSTR4"
"649","CORT_SSTR5"
"650","CPAMD8_SCTR"
"651","CP_SLC40A1"
"652","CRH_CRHR1"
"653","CRH_CRHR2"
"654","CRH_MC2R"
"655","CRP_OLR1"
"656","CSF1_CSF1R"
"657","CSF2_CSF1R"
"658","CSF2_CSF2RA"
"659","CSF2_CSF2RB"
"660","CSF2_CSF3R"
"661","CSF2_IL3RA"
"662","CSF2_ITGA9"
"663","CSF2_ITGB1"
"664","CSF2_SDC2"
"665","CSF3_CSF1R"
"666","CSF3_CSF3R"
"667","CSH1_PRLR"
"668","CSH2_PRLR"
"669","CSHL1_GHR"
"670","CSHL1_PRLR"
"671","CTF1_IL6ST"
"672","CTF1_LIFR"
"673","CTGF_ERBB4"
"674","CTGF_ITGA5"
"675","CTGF_ITGAM"
"676","CTGF_ITGB2"
"677","CTGF_LRP1"
"678","CTGF_LRP6"
"679","CTGF_NTRK1"
"680","CTHRC1_FZD3"
"681","CTHRC1_FZD5"
"682","CTHRC1_FZD6"
"683","CUBN_LRP2"
"684","CX3CL1_CX3CR1"
"685","CXCL10_CCR3"
"686","CXCL10_CXCR3"
"687","CXCL10_SDC4"
"688","CXCL11_ACKR3"
"689","CXCL11_CCR3"
"690","CXCL11_CXCR3"
"691","CXCL12_ACKR3"
"692","CXCL12_CCR4"
"693","CXCL12_CD4"
"694","CXCL12_CXCR3"
"695","CXCL12_CXCR4"
"696","CXCL12_ITGB1"
"697","CXCL12_SDC4"
"698","CXCL13_ACKR4"
"699","CXCL13_CCR10"
"700","CXCL13_CXCR3"
"701","CXCL13_CXCR5"
"702","CXCL13_HTR2A"
"703","CXCL13_OPRD1"
"704","CXCL16_CXCR6"
"705","CXCL1_CXCR1"
"706","CXCL1_CXCR2"
"707","CXCL1_DARC"
"708","CXCL2_CXCR1"
"709","CXCL2_CXCR2"
"710","CXCL2_XCR1"
"711","CXCL3_CXCR1"
"712","CXCL3_CXCR2"
"713","CXCL5_CXCR1"
"714","CXCL5_CXCR2"
"715","CXCL5_DARC"
"716","CXCL6_CXCR1"
"717","CXCL6_CXCR2"
"718","CXCL9_CCR3"
"719","CXCL9_CXCR3"
"720","CYR61_CAV1"
"721","CYR61_ITGA5"
"722","CYR61_ITGAM"
"723","CYR61_ITGAV"
"724","CYR61_ITGB2"
"725","CYR61_ITGB3"
"726","CYR61_ITGB5"
"727","DCN_EGFR"
"728","DCN_ERBB4"
"729","DCN_MET"
"730","DEFB103A_CCR6"
"731","DEFB103B_CCR2"
"732","DEFB103B_CCR6"
"733","DEFB1_CCR6"
"734","DEFB4A_CCR6"
"735","DEFB4A_TLR4"
"736","DEFB4B_CCR6"
"737","DHH_BOC"
"738","DHH_CDON"
"739","DHH_HHIP"
"740","DHH_PTCH1"
"741","DHH_PTCH2"
"742","DKK1_KREMEN1"
"743","DKK1_KREMEN2"
"744","DKK1_LRP5"
"745","DKK1_LRP6"
"746","DKK2_KREMEN2"
"747","DKK2_LRP6"
"748","DLK1_NOTCH1"
"749","DLK1_NOTCH2"
"750","DLK1_NOTCH3"
"751","DLK1_NOTCH4"
"752","DLK2_NOTCH1"
"753","DLL1_NOTCH1"
"754","DLL1_NOTCH2"
"755","DLL1_NOTCH3"
"756","DLL1_NOTCH4"
"757","DLL3_NOTCH1"
"758","DLL3_NOTCH2"
"759","DLL3_NOTCH3"
"760","DLL3_NOTCH4"
"761","DLL4_NOTCH1"
"762","DLL4_NOTCH2"
"763","DLL4_NOTCH3"
"764","DLL4_NOTCH4"
"765","DSCAM_DCC"
"766","DUSP18_CD151"
"767","DUSP18_ITGA1"
"768","DUSP18_ITGA2"
"769","DUSP18_ITGA3"
"770","DUSP18_ITGA6"
"771","DUSP18_ITGA7"
"772","DUSP18_ITGB1"
"773","DUSP18_ITGB4"
"774","DUSP18_RPSA"
"775","EBI3_IL27RA"
"776","EBI3_IL6ST"
"777","ECM1_CACHD1"
"778","EDA_EDA2R"
"779","EDA_EDAR"
"780","EDIL3_ITGAV"
"781","EDIL3_ITGB5"
"782","EDN1_EDNRA"
"783","EDN1_EDNRB"
"784","EDN1_ELTD1"
"785","EDN1_KEL"
"786","EDN2_EDNRA"
"787","EDN2_EDNRB"
"788","EDN2_KEL"
"789","EDN3_EDNRA"
"790","EDN3_EDNRB"
"791","EDN3_KEL"
"792","EFEMP1_EGFR"
"793","EFEMP2_AQP1"
"794","EFEMP2_CATSPER1"
"795","EFEMP2_LINGO1"
"796","EFEMP2_PLSCR4"
"797","EFNA1_EPHA1"
"798","EFNA1_EPHA2"
"799","EFNA1_EPHA3"
"800","EFNA1_EPHA4"
"801","EFNA1_EPHA5"
"802","EFNA1_EPHA6"
"803","EFNA1_EPHA7"
"804","EFNA1_EPHA8"
"805","EFNA1_EPHB1"
"806","EFNA1_EPHB6"
"807","EFNA2_EPHA1"
"808","EFNA2_EPHA2"
"809","EFNA2_EPHA3"
"810","EFNA2_EPHA4"
"811","EFNA2_EPHA5"
"812","EFNA2_EPHA6"
"813","EFNA2_EPHA7"
"814","EFNA2_EPHA8"
"815","EFNA3_EPHA1"
"816","EFNA3_EPHA2"
"817","EFNA3_EPHA3"
"818","EFNA3_EPHA4"
"819","EFNA3_EPHA5"
"820","EFNA3_EPHA6"
"821","EFNA3_EPHA7"
"822","EFNA3_EPHA8"
"823","EFNA3_EPHB1"
"824","EFNA3_EPHB6"
"825","EFNA4_EPHA1"
"826","EFNA4_EPHA2"
"827","EFNA4_EPHA3"
"828","EFNA4_EPHA4"
"829","EFNA4_EPHA5"
"830","EFNA4_EPHA6"
"831","EFNA4_EPHA7"
"832","EFNA4_EPHA8"
"833","EFNA5_EPHA1"
"834","EFNA5_EPHA2"
"835","EFNA5_EPHA3"
"836","EFNA5_EPHA4"
"837","EFNA5_EPHA5"
"838","EFNA5_EPHA6"
"839","EFNA5_EPHA7"
"840","EFNA5_EPHA8"
"841","EFNA5_EPHB1"
"842","EFNA5_EPHB2"
"843","EFNA5_EPHB6"
"844","EFNB1_EPHA4"
"845","EFNB1_EPHA6"
"846","EFNB1_EPHB1"
"847","EFNB1_EPHB2"
"848","EFNB1_EPHB3"
"849","EFNB1_EPHB4"
"850","EFNB1_EPHB6"
"851","EFNB1_ERBB2"
"852","EFNB2_EPHA3"
"853","EFNB2_EPHA4"
"854","EFNB2_EPHA6"
"855","EFNB2_EPHB1"
"856","EFNB2_EPHB2"
"857","EFNB2_EPHB3"
"858","EFNB2_EPHB4"
"859","EFNB2_EPHB6"
"860","EFNB2_GRM1"
"861","EFNB2_GRM5"
"862","EFNB2_PECAM1"
"863","EFNB2_RHBDL2"
"864","EFNB3_EPHA4"
"865","EFNB3_EPHB1"
"866","EFNB3_EPHB2"
"867","EFNB3_EPHB3"
"868","EFNB3_EPHB4"
"869","EFNB3_EPHB6"
"870","EFNB3_RHBDL2"
"871","EGFL8_NCR3"
"872","EGF_CAV1"
"873","EGF_EGFR"
"874","EGF_ERBB2"
"875","EGF_ERBB3"
"876","EGF_ERBB4"
"877","EGF_FSHR"
"878","EPGN_EGFR"
"879","EPO_EPOR"
"880","EREG_EGFR"
"881","EREG_ERBB2"
"882","EREG_ERBB3"
"883","EREG_ERBB4"
"884","F10_F3"
"885","F10_ITGAM"
"886","F10_ITGB2"
"887","F11_GP1BA"
"888","F12_CD93"
"889","F12_GP1BA"
"890","F13A1_ITGA4"
"891","F13A1_ITGA9"
"892","F13A1_ITGB1"
"893","F2_F2R"
"894","F2_F2RL1"
"895","F2_F2RL2"
"896","F2_F2RL3"
"897","F2_GP1BA"
"898","F2_GP1BB"
"899","F2_GP9"
"900","F2_ITGA2B"
"901","F2_THBD"
"902","F7_F3"
"903","F8_ASGR2"
"904","F8_LDLR"
"905","F8_LRP1"
"906","F9_LRP1"
"907","FARP2_PLXNA1"
"908","FARP2_PLXNA2"
"909","FARP2_PLXNA3"
"910","FARP2_PLXNA4"
"911","FASLG_FAS"
"912","FASLG_TNFRSF1A"
"913","FASLG_TNFRSF6B"
"914","FAT4_DCHS1"
"915","FBLN1_ITGB1"
"916","FBLN2_ITGB3"
"917","FBN1_ITGA5"
"918","FBN1_ITGAV"
"919","FBN1_ITGB1"
"920","FBN1_ITGB3"
"921","FBN1_ITGB6"
"922","FCN2_LRP1"
"923","FGA_CDH5"
"924","FGA_ITGA2B"
"925","FGA_ITGA5"
"926","FGA_ITGAD"
"927","FGA_ITGAM"
"928","FGA_ITGAV"
"929","FGA_ITGAX"
"930","FGA_ITGB1"
"931","FGA_ITGB2"
"932","FGA_ITGB3"
"933","FGA_PLAUR"
"934","FGB_ITGA2B"
"935","FGB_ITGA5"
"936","FGB_ITGAM"
"937","FGB_ITGAV"
"938","FGB_ITGB1"
"939","FGB_ITGB2"
"940","FGF10_FGFR1"
"941","FGF10_FGFR2"
"942","FGF10_FGFR3"
"943","FGF10_FGFR4"
"944","FGF11_FGFR1"
"945","FGF11_FGFR2"
"946","FGF11_FGFR3"
"947","FGF11_FGFR4"
"948","FGF12_FGFR1"
"949","FGF12_FGFR2"
"950","FGF12_FGFR3"
"951","FGF12_FGFR4"
"952","FGF13_EGFR"
"953","FGF13_FGFR1"
"954","FGF13_FGFR2"
"955","FGF13_FGFR3"
"956","FGF13_FGFR4"
"957","FGF13_SCN5A"
"958","FGF13_SCN8A"
"959","FGF14_FGFR1"
"960","FGF14_FGFR2"
"961","FGF14_FGFR3"
"962","FGF14_FGFR4"
"963","FGF16_FGFR1"
"964","FGF16_FGFR2"
"965","FGF16_FGFR3"
"966","FGF16_FGFR4"
"967","FGF17_FGFR1"
"968","FGF17_FGFR2"
"969","FGF17_FGFR3"
"970","FGF17_FGFR4"
"971","FGF18_FGFR1"
"972","FGF18_FGFR2"
"973","FGF18_FGFR3"
"974","FGF18_FGFR4"
"975","FGF19_FGFR1"
"976","FGF19_FGFR2"
"977","FGF19_FGFR3"
"978","FGF19_FGFR4"
"979","FGF19_KLB"
"980","FGF1_CD44"
"981","FGF1_EGFR"
"982","FGF1_FGFR1"
"983","FGF1_FGFR2"
"984","FGF1_FGFR3"
"985","FGF1_FGFR4"
"986","FGF1_FGFRL1"
"987","FGF1_NRP1"
"988","FGF20_FGFR4"
"989","FGF21_FGFR2"
"990","FGF21_FGFR4"
"991","FGF22_FGFR2"
"992","FGF23_FGFR1"
"993","FGF23_FGFR2"
"994","FGF23_FGFR3"
"995","FGF23_FGFR4"
"996","FGF23_PHEX"
"997","FGF2_CD44"
"998","FGF2_FGFR1"
"999","FGF2_FGFR2"
"1000","FGF2_FGFR3"
"1001","FGF2_FGFR4"
"1002","FGF2_FGFRL1"
"1003","FGF2_GPC4"
"1004","FGF2_NRP1"
"1005","FGF2_SDC1"
"1006","FGF2_SDC2"
"1007","FGF2_SDC3"
"1008","FGF2_SDC4"
"1009","FGF3_FGFR1"
"1010","FGF3_FGFR2"
"1011","FGF3_FGFR3"
"1012","FGF3_FGFR4"
"1013","FGF4_FGFR1"
"1014","FGF4_FGFR2"
"1015","FGF4_FGFR3"
"1016","FGF4_FGFR4"
"1017","FGF4_NRP1"
"1018","FGF5_FGFR1"
"1019","FGF5_FGFR2"
"1020","FGF5_FGFR3"
"1021","FGF5_FGFR4"
"1022","FGF6_FGFR1"
"1023","FGF6_FGFR2"
"1024","FGF6_FGFR3"
"1025","FGF6_FGFR4"
"1026","FGF6_SDC4"
"1027","FGF7_FGFR1"
"1028","FGF7_FGFR2"
"1029","FGF7_FGFR3"
"1030","FGF7_FGFR4"
"1031","FGF7_NRP1"
"1032","FGF8_FGFR1"
"1033","FGF8_FGFR2"
"1034","FGF8_FGFR3"
"1035","FGF8_FGFR4"
"1036","FGF9_FGFR1"
"1037","FGF9_FGFR2"
"1038","FGF9_FGFR3"
"1039","FGF9_FGFR4"
"1040","FGG_ITGA2B"
"1041","FGG_ITGA5"
"1042","FGG_ITGAV"
"1043","FGG_ITGB1"
"1044","FGG_ITGB2"
"1045","FGL1_EGFR"
"1046","FIGF_FLT1"
"1047","FIGF_FLT4"
"1048","FIGF_ITGA1"
"1049","FIGF_ITGA2"
"1050","FIGF_ITGA4"
"1051","FIGF_ITGA5"
"1052","FIGF_ITGA9"
"1053","FIGF_ITGB1"
"1054","FIGF_KDR"
"1055","FIGF_NRP2"
"1056","FLT3LG_FLT3"
"1057","FN1_C5AR1"
"1058","FN1_CD44"
"1059","FN1_CD79A"
"1060","FN1_COL13A1"
"1061","FN1_FLT4"
"1062","FN1_IL17RC"
"1063","FN1_ITGA2"
"1064","FN1_ITGA2B"
"1065","FN1_ITGA3"
"1066","FN1_ITGA4"
"1067","FN1_ITGA5"
"1068","FN1_ITGA6"
"1069","FN1_ITGA8"
"1070","FN1_ITGA9"
"1071","FN1_ITGAV"
"1072","FN1_ITGB1"
"1073","FN1_ITGB3"
"1074","FN1_ITGB6"
"1075","FN1_ITGB7"
"1076","FN1_ITGB8"
"1077","FN1_MAG"
"1078","FN1_NT5E"
"1079","FN1_PLAUR"
"1080","FN1_ROBO4"
"1081","FN1_SDC2"
"1082","FN1_TMPRSS6"
"1083","FN1_TNFRSF11B"
"1084","FN1_TSHR"
"1085","FSHB_FSHR"
"1086","FST_BMPR1B"
"1087","FST_BMPR2"
"1088","FST_HFE2"
"1089","GAD1_GRM4"
"1090","GALP_GALR1"
"1091","GALP_GALR2"
"1092","GALP_GALR3"
"1093","GAL_GALR1"
"1094","GAL_GALR2"
"1095","GAL_GALR3"
"1096","GAL_GPR151"
"1097","GAS6_AXL"
"1098","GAS6_MERTK"
"1099","GAS6_TYRO3"
"1100","GAST_CCKBR"
"1101","GCG_GCGR"
"1102","GCG_GLP1R"
"1103","GCG_GLP2R"
"1104","GDF10_ACVR1B"
"1105","GDF11_ACVR1B"
"1106","GDF11_ACVR2A"
"1107","GDF11_ACVR2B"
"1108","GDF2_ACVR1"
"1109","GDF2_ACVR2A"
"1110","GDF2_ACVR2B"
"1111","GDF2_ACVRL1"
"1112","GDF2_BMPR2"
"1113","GDF2_ENG"
"1114","GDF5_ACVR1"
"1115","GDF5_ACVR2A"
"1116","GDF5_ACVR2B"
"1117","GDF5_BMPR1A"
"1118","GDF5_BMPR1B"
"1119","GDF5_BMPR2"
"1120","GDF5_ROR2"
"1121","GDF6_BMPR1A"
"1122","GDF6_BMPR1B"
"1123","GDF6_BMPR2"
"1124","GDF7_ACVR2A"
"1125","GDF7_BMPR1A"
"1126","GDF7_BMPR2"
"1127","GDF9_ACVR2A"
"1128","GDF9_BMPR1A"
"1129","GDF9_BMPR1B"
"1130","GDF9_BMPR2"
"1131","GDF9_FXYD6"
"1132","GDF9_ORAI2"
"1133","GDF9_TGFBR1"
"1134","GDNF_EDNRB"
"1135","GDNF_GFRA1"
"1136","GDNF_GFRA2"
"1137","GDNF_RET"
"1138","GDNF_SLC44A5"
"1139","GH1_GHR"
"1140","GH1_PRLR"
"1141","GH2_GHR"
"1142","GHRH_GHRHR"
"1143","GHRH_VIPR1"
"1144","GHRL_GHRHR"
"1145","GHRL_GHSR"
"1146","GHRL_GPR39"
"1147","GHRL_MLNR"
"1148","GIP_DPP4"
"1149","GIP_GIPR"
"1150","GIP_INSR"
"1151","GNAI2_ADCY1"
"1152","GNAI2_ADCY7"
"1153","GNAI2_ADCY8"
"1154","GNAI2_ADCY9"
"1155","GNAI2_ADORA1"
"1156","GNAI2_ADRA2A"
"1157","GNAI2_ADRA2B"
"1158","GNAI2_AGTR2"
"1159","GNAI2_C5AR1"
"1160","GNAI2_CAV1"
"1161","GNAI2_CCR5"
"1162","GNAI2_CHRM1"
"1163","GNAI2_CNR1"
"1164","GNAI2_CXCR1"
"1165","GNAI2_CXCR2"
"1166","GNAI2_CXCR3"
"1167","GNAI2_DRD2"
"1168","GNAI2_EDNRA"
"1169","GNAI2_EDNRB"
"1170","GNAI2_EGFR"
"1171","GNAI2_F2R"
"1172","GNAI2_FPR1"
"1173","GNAI2_IGF1R"
"1174","GNAI2_LHCGR"
"1175","GNAI2_LPAR3"
"1176","GNAI2_MTNR1A"
"1177","GNAI2_MTNR1B"
"1178","GNAI2_OPRD1"
"1179","GNAI2_OPRM1"
"1180","GNAI2_P2RY12"
"1181","GNAI2_PTPRU"
"1182","GNAI2_S1PR1"
"1183","GNAI2_S1PR3"
"1184","GNAI2_S1PR4"
"1185","GNAI2_S1PR5"
"1186","GNAI2_TBXA2R"
"1187","GNAI2_TSHR"
"1188","GNAI2_UNC5B"
"1189","GNAS_ADCY1"
"1190","GNAS_ADCY7"
"1191","GNAS_ADCY8"
"1192","GNAS_ADCY9"
"1193","GNAS_ADORA1"
"1194","GNAS_ADRB3"
"1195","GNAS_AVPR2"
"1196","GNAS_CRHR1"
"1197","GNAS_GCGR"
"1198","GNAS_GLP1R"
"1199","GNAS_HTR6"
"1200","GNAS_LHCGR"
"1201","GNAS_PTGDR"
"1202","GNAS_PTGIR"
"1203","GNAS_TSHR"
"1204","GNAS_VIPR1"
"1205","GNB3_GABBR2"
"1206","GNB3_TGFBR1"
"1207","GNRH1_GNRHR"
"1208","GNRH2_GNRHR"
"1209","GPC3_CD81"
"1210","GPC3_IGF1R"
"1211","GPHA2_TSHR"
"1212","GPI_AMFR"
"1213","GREM1_KDR"
"1214","GRP_BRS3"
"1215","GRP_GRPR"
"1216","GRP_NMBR"
"1217","GSTP1_TRAF2"
"1218","GUCA2A_GUCY2C"
"1219","GUCA2B_GUCY2C"
"1220","GUCA2B_GUCY2D"
"1221","GZMB_CHRM3"
"1222","GZMB_IGF2R"
"1223","GZMB_PGRMC1"
"1224","HAS2_CD44"
"1225","HAS2_HMMR"
"1226","HBEGF_CD44"
"1227","HBEGF_CD82"
"1228","HBEGF_CD9"
"1229","HBEGF_EGFR"
"1230","HBEGF_ERBB2"
"1231","HBEGF_ERBB4"
"1232","HBEGF_PRLR"
"1233","HCRT_HCRTR1"
"1234","HCRT_HCRTR2"
"1235","HCRT_NPFFR2"
"1236","HDC_HRH1"
"1237","HDC_HRH2"
"1238","HDC_HRH3"
"1239","HDC_HRH4"
"1240","HEBP1_FPR3"
"1241","HGF_CD44"
"1242","HGF_MET"
"1243","HGF_SDC1"
"1244","HGF_SDC2"
"1245","HGF_ST14"
"1246","HHIPL2_CACHD1"
"1247","HHLA3_CHRM3"
"1248","HLA-A_APLP2"
"1249","HLA-A_CD3D"
"1250","HLA-A_CD3G"
"1251","HLA-A_ERBB2"
"1252","HLA-A_KIR2DL1"
"1253","HLA-A_KIR2DL3"
"1254","HLA-A_KIR3DL1"
"1255","HLA-A_KIR3DL2"
"1256","HLA-A_LILRB1"
"1257","HLA-A_LILRB2"
"1258","HLA-B_CANX"
"1259","HLA-B_CD3D"
"1260","HLA-B_CD3G"
"1261","HLA-B_KIR2DL3"
"1262","HLA-B_KIR3DL1"
"1263","HLA-B_KLRD1"
"1264","HLA-B_LILRB1"
"1265","HLA-B_LILRB2"
"1266","HLA-C_CD3D"
"1267","HLA-C_CD3G"
"1268","HLA-C_DDR1"
"1269","HLA-C_KIR2DL1"
"1270","HLA-C_KIR2DL3"
"1271","HLA-C_KIR2DS4"
"1272","HLA-C_KIR3DL1"
"1273","HLA-C_LILRA3"
"1274","HLA-C_LILRB1"
"1275","HLA-C_LILRB2"
"1276","HLA-C_NOTCH4"
"1277","HLA-C_SLC9C2"
"1278","HLA-E_KIR3DL1"
"1279","HLA-E_KLRC1"
"1280","HLA-E_KLRC2"
"1281","HLA-E_KLRD1"
"1282","HLA-E_SLC16A4"
"1283","HLA-G_CD4"
"1284","HLA-G_KIR2DL4"
"1285","HLA-G_KLRC1"
"1286","HLA-G_KLRD1"
"1287","HLA-G_LILRB1"
"1288","HLA-G_LILRB2"
"1289","HMGB1_SDC1"
"1290","HMGB1_THBD"
"1291","HP_ASGR1"
"1292","HP_ASGR2"
"1293","HP_ITGAM"
"1294","HP_ITGB2"
"1295","HRAS_AGTR1"
"1296","HRAS_CAV1"
"1297","HRAS_GRIN2D"
"1298","HRAS_INSR"
"1299","HRAS_SDC2"
"1300","HRAS_TLR2"
"1301","HRAS_TLR9"
"1302","HRG_FCGR1A"
"1303","HSP90AA1_CFTR"
"1304","HSP90AA1_EGFR"
"1305","HSP90AA1_FGFR3"
"1306","HSP90B1_ASGR1"
"1307","HSP90B1_ERBB2"
"1308","HSP90B1_LRP1"
"1309","HSP90B1_TLR1"
"1310","HSP90B1_TLR2"
"1311","HSP90B1_TLR4"
"1312","HSP90B1_TLR7"
"1313","HSP90B1_TLR9"
"1314","HSPA1A_GRIN2D"
"1315","HSPA1A_TLR4"
"1316","HSPG2_CHRM3"
"1317","HSPG2_COL13A1"
"1318","HSPG2_ITGA2"
"1319","HSPG2_ITGB1"
"1320","HSPG2_PTPRS"
"1321","HSPG2_SDC1"
"1322","IAPP_CALCR"
"1323","IAPP_RAMP1"
"1324","IAPP_RAMP2"
"1325","IAPP_RAMP3"
"1326","IBSP_ITGAV"
"1327","ICAM1_CAV1"
"1328","ICAM1_EGFR"
"1329","ICAM1_IL2RA"
"1330","ICAM1_IL2RG"
"1331","ICAM1_ITGAL"
"1332","ICAM1_ITGAM"
"1333","ICAM1_ITGAX"
"1334","ICAM1_ITGB2"
"1335","ICAM2_ITGAL"
"1336","ICAM2_ITGAM"
"1337","ICAM2_ITGB2"
"1338","ICAM3_CLEC4M"
"1339","ICAM3_ITGAD"
"1340","ICAM3_ITGAL"
"1341","ICAM3_ITGB2"
"1342","ICAM4_ITGA2B"
"1343","ICAM4_ITGA4"
"1344","ICAM4_ITGAL"
"1345","ICAM4_ITGAM"
"1346","ICAM4_ITGAV"
"1347","ICAM4_ITGB1"
"1348","ICAM4_ITGB2"
"1349","ICAM4_ITGB3"
"1350","ICAM4_RHAG"
"1351","ICAM5_ITGAL"
"1352","ICAM5_ITGB2"
"1353","IFNA10_IFNAR1"
"1354","IFNA10_IFNAR2"
"1355","IFNA13_IFNAR1"
"1356","IFNA13_IFNAR2"
"1357","IFNA14_IFNAR1"
"1358","IFNA14_IFNAR2"
"1359","IFNA16_IFNAR1"
"1360","IFNA16_IFNAR2"
"1361","IFNA17_IFNAR1"
"1362","IFNA17_IFNAR2"
"1363","IFNA1_IFNAR1"
"1364","IFNA1_IFNAR2"
"1365","IFNA21_IFNAR1"
"1366","IFNA21_IFNAR2"
"1367","IFNA2_IFNAR1"
"1368","IFNA2_IFNAR2"
"1369","IFNA4_IFNAR1"
"1370","IFNA4_IFNAR2"
"1371","IFNA5_IFNAR1"
"1372","IFNA5_IFNAR2"
"1373","IFNA6_IFNAR1"
"1374","IFNA6_IFNAR2"
"1375","IFNA7_IFNAR1"
"1376","IFNA7_IFNAR2"
"1377","IFNA8_IFNAR1"
"1378","IFNA8_IFNAR2"
"1379","IFNB1_IFNAR1"
"1380","IFNB1_IFNAR2"
"1381","IFNG_IFNGR1"
"1382","IFNG_IFNGR2"
"1383","IFNL1_IFNLR1"
"1384","IFNL1_IL10RB"
"1385","IFNL2_IFNLR1"
"1386","IFNL2_IL10RB"
"1387","IFNL3_IFNLR1"
"1388","IFNL3_IL10RB"
"1389","IFNW1_IFNAR1"
"1390","IFNW1_IFNAR2"
"1391","IGF1_IGF1R"
"1392","IGF1_INSR"
"1393","IGF2_IGF1R"
"1394","IGF2_IGF2R"
"1395","IGF2_INSR"
"1396","IGFBP4_FZD8"
"1397","IGFBP4_LRP6"
"1398","IGFL1_IGFLR1"
"1399","IGFL2_IGFLR1"
"1400","IGFL3_IGFLR1"
"1401","IHH_BOC"
"1402","IHH_CDON"
"1403","IHH_HHIP"
"1404","IHH_PTCH1"
"1405","IHH_PTCH2"
"1406","IL10_IL10RA"
"1407","IL10_IL10RB"
"1408","IL10_SIRPG"
"1409","IL11_IL11RA"
"1410","IL11_IL6ST"
"1411","IL12A_CD28"
"1412","IL12A_IL12RB1"
"1413","IL12A_IL12RB2"
"1414","IL12B_IL12RB1"
"1415","IL12B_IL12RB2"
"1416","IL12B_IL23R"
"1417","IL13_IL13RA1"
"1418","IL13_IL13RA2"
"1419","IL13_IL2RG"
"1420","IL13_IL4R"
"1421","IL15_IL15RA"
"1422","IL15_IL2RA"
"1423","IL15_IL2RB"
"1424","IL15_IL2RG"
"1425","IL16_CCR5"
"1426","IL16_CD4"
"1427","IL16_GRIN2C"
"1428","IL16_GRIN2D"
"1429","IL16_KCNA3"
"1430","IL16_KCND1"
"1431","IL16_KCND2"
"1432","IL16_KCNJ10"
"1433","IL16_KCNJ15"
"1434","IL16_KCNJ4"
"1435","IL17A_IL17RA"
"1436","IL17A_IL17RC"
"1437","IL17B_IL17RB"
"1438","IL17F_IL17RA"
"1439","IL18_CD48"
"1440","IL18_IL18R1"
"1441","IL18_IL18RAP"
"1442","IL18_IL1RAPL1"
"1443","IL18_IL1RL2"
"1444","IL19_IL20RA"
"1445","IL19_IL20RB"
"1446","IL1A_IL1R1"
"1447","IL1A_IL1R2"
"1448","IL1A_IL1RAP"
"1449","IL1B_ADRB2"
"1450","IL1B_IL1R1"
"1451","IL1B_IL1R2"
"1452","IL1B_IL1RAP"
"1453","IL1F10_IL1R1"
"1454","IL1RN_IL1R1"
"1455","IL1RN_IL1R2"
"1456","IL1RN_IL1RL2"
"1457","IL20_IL20RA"
"1458","IL20_IL20RB"
"1459","IL20_IL22RA1"
"1460","IL21_IL21R"
"1461","IL21_IL2RG"
"1462","IL22_IL10RA"
"1463","IL22_IL10RB"
"1464","IL22_IL21R"
"1465","IL22_IL22RA1"
"1466","IL22_IL22RA2"
"1467","IL23A_IL12RB1"
"1468","IL23A_IL23R"
"1469","IL24_IL20RA"
"1470","IL24_IL20RB"
"1471","IL24_IL22RA1"
"1472","IL25_IL17RB"
"1473","IL26_IL20RA"
"1474","IL27_IL27RA"
"1475","IL2_CD53"
"1476","IL2_GYPE"
"1477","IL2_IL2RA"
"1478","IL2_IL2RB"
"1479","IL2_IL2RG"
"1480","IL2_NGFR"
"1481","IL31_IL31RA"
"1482","IL31_OSMR"
"1483","IL34_CSF1R"
"1484","IL3_CSF2RB"
"1485","IL3_IL3RA"
"1486","IL4_CD53"
"1487","IL4_IL13RA1"
"1488","IL4_IL13RA2"
"1489","IL4_IL2RG"
"1490","IL4_IL4R"
"1491","IL5_CSF2RB"
"1492","IL5_IL5RA"
"1493","IL6_F3"
"1494","IL6_IL6R"
"1495","IL6_IL6ST"
"1496","IL7_IL2RG"
"1497","IL7_IL7R"
"1498","IL8_CD79A"
"1499","IL8_CXCR1"
"1500","IL8_CXCR2"
"1501","IL8_DARC"
"1502","IL8_KDR"
"1503","IL8_SDC1"
"1504","IL8_SDC2"
"1505","IL8_SDC3"
"1506","IL9_IL2RG"
"1507","IL9_IL9R"
"1508","INHA_ACVR1"
"1509","INHA_ACVR1B"
"1510","INHA_ACVR2A"
"1511","INHA_ACVR2B"
"1512","INHA_TGFBR3"
"1513","INHBA_ACVR1"
"1514","INHBA_ACVR1B"
"1515","INHBA_ACVR2A"
"1516","INHBA_ACVR2B"
"1517","INHBA_BAMBI"
"1518","INHBA_ENG"
"1519","INHBA_TGFBR3"
"1520","INHBB_ACVR1"
"1521","INHBB_ACVR1B"
"1522","INHBB_ACVR1C"
"1523","INHBB_ACVR2A"
"1524","INHBB_ACVR2B"
"1525","INHBC_ACVR1"
"1526","INHBC_ACVR1B"
"1527","INHBC_ACVR2A"
"1528","INHBC_ACVR2B"
"1529","INHBE_ACVR1"
"1530","INHBE_ACVR1B"
"1531","INHBE_ACVR2A"
"1532","INHBE_ENG"
"1533","INSL3_RXFP2"
"1534","INSL5_RXFP3"
"1535","INSL5_RXFP4"
"1536","INS_IGF1R"
"1537","INS_INSR"
"1538","INS_LRP2"
"1539","ITGB3BP_ITGB3"
"1540","ITGB3BP_ITGB5"
"1541","ITIH2_FCER1A"
"1542","JAG1_NOTCH1"
"1543","JAG1_NOTCH2"
"1544","JAG1_NOTCH3"
"1545","JAG1_NOTCH4"
"1546","JAG2_NOTCH1"
"1547","JAG2_NOTCH2"
"1548","JAG2_NOTCH3"
"1549","JAG2_NOTCH4"
"1550","KAL1_FGFR1"
"1551","KAL1_SDC2"
"1552","KISS1_KISS1R"
"1553","KISS1_MMP24"
"1554","KITLG_EPOR"
"1555","KITLG_KIT"
"1556","KLK3_EPOR"
"1557","KNG1_BDKRB1"
"1558","KNG1_BDKRB2"
"1559","KNG1_CD93"
"1560","KNG1_GP1BA"
"1561","KNG1_GPR135"
"1562","KNG1_ITGAM"
"1563","KNG1_ITGB2"
"1564","KNG1_PLAUR"
"1565","KNG1_RXFP4"
"1566","KNG1_SDC2"
"1567","KRTAP4-12_AQP1"
"1568","KRTAP4-12_CATSPER1"
"1569","KRTAP4-12_CLDN2"
"1570","KRTAP4-12_CNTFR"
"1571","KRTAP4-12_DLK2"
"1572","KRTAP4-12_LINGO1"
"1573","KRTAP4-12_PDGFRB"
"1574","KRTAP4-12_PLSCR4"
"1575","L1CAM_CNTN1"
"1576","L1CAM_EGFR"
"1577","L1CAM_EPHB2"
"1578","L1CAM_ERBB2"
"1579","L1CAM_ERBB3"
"1580","L1CAM_FGFR2"
"1581","L1CAM_ITGA5"
"1582","L1CAM_ITGAV"
"1583","LACRT_SDC1"
"1584","LAMA1_GPC1"
"1585","LAMA1_ITGA1"
"1586","LAMA1_ITGA2"
"1587","LAMA1_ITGA3"
"1588","LAMA1_ITGA6"
"1589","LAMA1_ITGA7"
"1590","LAMA1_ITGB1"
"1591","LAMA1_ITGB4"
"1592","LAMA1_ITGB8"
"1593","LAMA1_NT5E"
"1594","LAMA1_RPSA"
"1595","LAMA1_SDC2"
"1596","LAMA1_SDC4"
"1597","LAMA1_TMPRSS6"
"1598","LAMA2_ITGA1"
"1599","LAMA2_ITGA2"
"1600","LAMA2_ITGA3"
"1601","LAMA2_ITGA6"
"1602","LAMA2_ITGA7"
"1603","LAMA2_ITGB1"
"1604","LAMA2_ITGB4"
"1605","LAMA2_RPSA"
"1606","LAMA3_SDC2"
"1607","LAMA4_ITGA3"
"1608","LAMA4_ITGA6"
"1609","LAMA4_ITGAV"
"1610","LAMA4_ITGB1"
"1611","LAMA5_BCAM"
"1612","LAMA5_ITGA2"
"1613","LAMA5_ITGA3"
"1614","LAMA5_ITGA6"
"1615","LAMA5_ITGB1"
"1616","LAMA5_ITGB4"
"1617","LAMA5_SDC1"
"1618","LAMB1_ITGA1"
"1619","LAMB1_ITGA2"
"1620","LAMB1_ITGA3"
"1621","LAMB1_ITGA6"
"1622","LAMB1_ITGA7"
"1623","LAMB1_ITGAV"
"1624","LAMB1_ITGB1"
"1625","LAMB1_ITGB4"
"1626","LAMB2_RPSA"
"1627","LAMB3_CD151"
"1628","LAMB3_COL17A1"
"1629","LAMB3_ITGA2"
"1630","LAMB3_ITGA3"
"1631","LAMB3_ITGA6"
"1632","LAMB3_ITGB1"
"1633","LAMB3_ITGB4"
"1634","LAMC1_ITGA1"
"1635","LAMC1_ITGA2"
"1636","LAMC1_ITGA3"
"1637","LAMC1_ITGA6"
"1638","LAMC1_ITGA7"
"1639","LAMC1_ITGAV"
"1640","LAMC1_ITGB1"
"1641","LAMC1_ITGB4"
"1642","LAMC2_CD151"
"1643","LAMC2_COL17A1"
"1644","LAMC2_ITGA2"
"1645","LAMC2_ITGA3"
"1646","LAMC2_ITGA6"
"1647","LAMC2_ITGB1"
"1648","LAMC2_ITGB4"
"1649","LAMC3_ITGA2"
"1650","LAMC3_ITGA3"
"1651","LAMC3_ITGA6"
"1652","LAMC3_ITGB1"
"1653","LAMC3_ITGB4"
"1654","LCN1_LMBR1L"
"1655","LCN2_LRP2"
"1656","LEFTY2_ACVR2B"
"1657","LEP_LEPR"
"1658","LEP_LRP2"
"1659","LGALS3BP_ITGB1"
"1660","LGALS3BP_VANGL1"
"1661","LHB_LHCGR"
"1662","LIF_IL6ST"
"1663","LIF_LIFR"
"1664","LIN7C_ABCA1"
"1665","LIN7C_HTR2C"
"1666","LIN7C_KCNJ4"
"1667","LIPC_LRP1"
"1668","LIPH_LPAR1"
"1669","LIPH_LPAR2"
"1670","LIPH_LPAR4"
"1671","LPA_ITGAM"
"1672","LPA_ITGB2"
"1673","LPA_LRP2"
"1674","LPL_CD44"
"1675","LPL_GPIHBP1"
"1676","LPL_LRP1"
"1677","LPL_LRP2"
"1678","LPL_SDC1"
"1679","LPL_VLDLR"
"1680","LRP1B_PLAUR"
"1681","LRPAP1_LDLR"
"1682","LRPAP1_LRP1"
"1683","LRPAP1_LRP2"
"1684","LRPAP1_LRP8"
"1685","LRPAP1_SORL1"
"1686","LRPAP1_SORT1"
"1687","LRPAP1_VLDLR"
"1688","LTA_CACHD1"
"1689","LTA_EDNRA"
"1690","LTA_LTBR"
"1691","LTA_TNFRSF14"
"1692","LTA_TNFRSF1A"
"1693","LTA_TNFRSF1B"
"1694","LTBP1_ITGB5"
"1695","LTBP3_ITGB5"
"1696","LTB_CD40"
"1697","LTB_LTBR"
"1698","LTB_TNFRSF1A"
"1699","LTF_GP9"
"1700","LTF_GPR162"
"1701","LTF_LRP1"
"1702","LTF_LRP11"
"1703","LTF_TFRC"
"1704","LY6G5C_TMEM8A"
"1705","LY86_CD180"
"1706","LYPD3_AGR2"
"1707","LYZ_ITGAL"
"1708","MADCAM1_CD44"
"1709","MADCAM1_ITGA4"
"1710","MADCAM1_ITGB7"
"1711","MATN1_ITGA1"
"1712","MATN1_ITGB1"
"1713","MATN1_PTPRD"
"1714","MBL2_CALCR"
"1715","MBL2_CD93"
"1716","MDK_ALK"
"1717","MDK_GPC2"
"1718","MDK_ITGA4"
"1719","MDK_ITGA6"
"1720","MDK_ITGB1"
"1721","MDK_LRP1"
"1722","MDK_LRP2"
"1723","MDK_PTPRB"
"1724","MDK_PTPRZ1"
"1725","MDK_SDC1"
"1726","MDK_SDC3"
"1727","MDK_SDC4"
"1728","MDK_TSPAN1"
"1729","MEPE_PHEX"
"1730","MFAP2_NOTCH1"
"1731","MFAP5_NOTCH1"
"1732","MFGE8_ITGAV"
"1733","MFGE8_ITGB3"
"1734","MFGE8_PDGFRB"
"1735","MFI2_TFRC"
"1736","MFNG_NOTCH1"
"1737","MFNG_NOTCH2"
"1738","MIA_CDH19"
"1739","MIA_CDH7"
"1740","MLLT4_EPHA7"
"1741","MLLT4_EPHB2"
"1742","MLLT4_EPHB3"
"1743","MLLT4_EPHB6"
"1744","MLLT4_F11R"
"1745","MLLT4_NRXN2"
"1746","MLLT4_NRXN3"
"1747","MLLT4_PVRL1"
"1748","MLLT4_PVRL2"
"1749","MLLT4_PVRL3"
"1750","MLLT4_PVRL4"
"1751","MLN_MLNR"
"1752","MMP12_PLAUR"
"1753","MMP13_LRP1"
"1754","MMP1_CD44"
"1755","MMP1_ITGA2"
"1756","MMP2_SDC2"
"1757","MMP7_CD151"
"1758","MMP7_CD44"
"1759","MMP7_CDH6"
"1760","MMP7_ERBB4"
"1761","MMP9_CD44"
"1762","MMP9_EPHB2"
"1763","MMP9_ITGAM"
"1764","MMP9_ITGB2"
"1765","MMP9_LRP1"
"1766","MST1_MST1R"
"1767","MSTN_ACVR2B"
"1768","MUC2_AGR2"
"1769","MUC7_SELL"
"1770","MYOC_FZD1"
"1771","MYOC_FZD10"
"1772","MYOC_FZD3"
"1773","MYOC_FZD4"
"1774","MYOC_FZD7"
"1775","NAMPT_INSR"
"1776","NCAM1_CACNA1C"
"1777","NCAM1_FGFR1"
"1778","NCAM1_FGFR2"
"1779","NCAM1_GFRA1"
"1780","NCAM1_PTPRA"
"1781","NCAM1_ROBO1"
"1782","NCAM1_ROBO3"
"1783","NCAN_CDH2"
"1784","NCAN_SDC3"
"1785","NDP_FZD4"
"1786","NDP_LGR4"
"1787","NGF_KIDINS220"
"1788","NGF_MAGED1"
"1789","NGF_NGFR"
"1790","NGF_NGFRAP1"
"1791","NGF_NTRK1"
"1792","NGF_SORCS3"
"1793","NGF_SORT1"
"1794","NID1_COL13A1"
"1795","NID1_ITGA3"
"1796","NID1_ITGAV"
"1797","NID1_ITGB1"
"1798","NID1_ITGB3"
"1799","NID1_PTPRF"
"1800","NID2_COL13A1"
"1801","NLGN1_NRXN1"
"1802","NLGN1_NRXN2"
"1803","NLGN1_NRXN3"
"1804","NLGN2_NRXN1"
"1805","NLGN2_NRXN2"
"1806","NLGN2_NRXN3"
"1807","NLGN3_NRXN1"
"1808","NLGN3_NRXN2"
"1809","NLGN3_NRXN3"
"1810","NMB_BRS3"
"1811","NMB_GRPR"
"1812","NMB_NMBR"
"1813","NMS_NMUR1"
"1814","NMS_NMUR2"
"1815","NMU_NMUR1"
"1816","NMU_NMUR2"
"1817","NODAL_ACVR1B"
"1818","NODAL_ACVR1C"
"1819","NODAL_ACVR2A"
"1820","NODAL_ACVR2B"
"1821","NOV_NOTCH1"
"1822","NOV_PLXNA1"
"1823","NPB_NPBWR1"
"1824","NPB_NPBWR2"
"1825","NPFF_NPFFR1"
"1826","NPFF_NPFFR2"
"1827","NPNT_ITGA8"
"1828","NPNT_ITGB1"
"1829","NPPA_NPR1"
"1830","NPPA_NPR3"
"1831","NPPB_NPR1"
"1832","NPPB_NPR2"
"1833","NPPB_NPR3"
"1834","NPPC_NPR2"
"1835","NPPC_NPR3"
"1836","NPS_NPSR1"
"1837","NPVF_NPFFR1"
"1838","NPVF_NPFFR2"
"1839","NPW_NPBWR1"
"1840","NPW_NPBWR2"
"1841","NPY_FAP"
"1842","NPY_MC4R"
"1843","NPY_NPFFR2"
"1844","NPY_NPY1R"
"1845","NPY_NPY2R"
"1846","NPY_NPY4R"
"1847","NPY_NPY5R"
"1848","NPY_PRLHR"
"1849","NRG1_ERBB2"
"1850","NRG1_ERBB3"
"1851","NRG1_ERBB4"
"1852","NRG1_GPC1"
"1853","NRG2_ERBB2"
"1854","NRG2_ERBB3"
"1855","NRG2_ERBB4"
"1856","NRG3_ERBB4"
"1857","NRG4_EGFR"
"1858","NRG4_ERBB2"
"1859","NRG4_ERBB4"
"1860","NRTN_GFRA1"
"1861","NRTN_GFRA2"
"1862","NRTN_RET"
"1863","NTF3_NGFR"
"1864","NTF3_NTRK1"
"1865","NTF3_NTRK2"
"1866","NTF3_NTRK3"
"1867","NTF4_NGFR"
"1868","NTF4_NGFRAP1"
"1869","NTF4_NTRK1"
"1870","NTF4_NTRK2"
"1871","NTF4_NTRK3"
"1872","NTN1_ADORA2B"
"1873","NTN1_DCC"
"1874","NTN1_NEO1"
"1875","NTN1_UNC5A"
"1876","NTN1_UNC5B"
"1877","NTN1_UNC5C"
"1878","NTN1_UNC5D"
"1879","NTN3_CDON"
"1880","NTN3_NEO1"
"1881","NTN4_DCC"
"1882","NTN4_UNC5A"
"1883","NTNG1_LRRC4C"
"1884","NTNG2_LRRC4"
"1885","NTNG2_LRRC4C"
"1886","NTS_NGFR"
"1887","NTS_NTSR1"
"1888","NTS_NTSR2"
"1889","NTS_SORT1"
"1890","NUCB2_ERAP1"
"1891","NXPH1_NRXN1"
"1892","NXPH1_NRXN2"
"1893","NXPH1_NRXN3"
"1894","NXPH2_NRXN1"
"1895","NXPH3_NRXN1"
"1896","NXPH3_NRXN2"
"1897","NXPH3_NRXN3"
"1898","OBP2A_OR1G1"
"1899","OLAH_MOG"
"1900","OLFM2_ROBO2"
"1901","OMG_LINGO1"
"1902","OMG_NGFR"
"1903","OMG_RTN4R"
"1904","OMG_RTN4RL1"
"1905","OMG_TNFRSF1B"
"1906","ORM1_CCR5"
"1907","OSM_IL6ST"
"1908","OSM_LIFR"
"1909","OSM_OSMR"
"1910","OSTN_NPR3"
"1911","OXT_AVPR1A"
"1912","OXT_AVPR1B"
"1913","OXT_AVPR2"
"1914","OXT_OXTR"
"1915","P4HB_GPR162"
"1916","PAPLN_PVRL4"
"1917","PAPLN_SIRPA"
"1918","PCSK9_VLDLR"
"1919","PDAP1_PDGFRB"
"1920","PDGFA_PDGFRA"
"1921","PDGFA_PDGFRB"
"1922","PDGFB_ART1"
"1923","PDGFB_ITGAV"
"1924","PDGFB_LRP1"
"1925","PDGFB_PDGFRA"
"1926","PDGFB_PDGFRB"
"1927","PDGFB_S1PR1"
"1928","PDGFC_FLT1"
"1929","PDGFC_FLT4"
"1930","PDGFC_KDR"
"1931","PDGFC_PDGFRA"
"1932","PDGFC_PDGFRB"
"1933","PDGFD_PDGFRA"
"1934","PDGFD_PDGFRB"
"1935","PDX1_SLC2A2"
"1936","PDYN_OPRD1"
"1937","PDYN_OPRK1"
"1938","PDYN_OPRM1"
"1939","PENK_MRGPRX1"
"1940","PENK_OGFR"
"1941","PENK_OPRD1"
"1942","PENK_OPRK1"
"1943","PENK_OPRM1"
"1944","PF4_CXCR3"
"1945","PF4_FGFR2"
"1946","PF4_LDLR"
"1947","PF4_PROCR"
"1948","PF4_SDC2"
"1949","PF4_THBD"
"1950","PGF_FLT1"
"1951","PGF_NRP1"
"1952","PGF_NRP2"
"1953","PI3_PLD2"
"1954","PIGF_FLT1"
"1955","PIP_CD4"
"1956","PIP_NPTN"
"1957","PKM_CD44"
"1958","PLA2G10_PLA2R1"
"1959","PLAT_ITGAM"
"1960","PLAT_ITGB2"
"1961","PLAT_LRP1"
"1962","PLAU_IGF2R"
"1963","PLAU_ITGA3"
"1964","PLAU_ITGA5"
"1965","PLAU_ITGAM"
"1966","PLAU_ITGAV"
"1967","PLAU_ITGB1"
"1968","PLAU_ITGB2"
"1969","PLAU_ITGB5"
"1970","PLAU_LRP1"
"1971","PLAU_LRP2"
"1972","PLAU_MRC2"
"1973","PLAU_PLAUR"
"1974","PLAU_ST14"
"1975","PLAU_VLDLR"
"1976","PLG_F2R"
"1977","PLG_F2RL1"
"1978","PLG_F3"
"1979","PLG_FLT1"
"1980","PLG_ITGA9"
"1981","PLG_ITGAM"
"1982","PLG_ITGB1"
"1983","PLG_ITGB2"
"1984","PLG_PLAUR"
"1985","PLG_PLGRKT"
"1986","PLTP_ABCA1"
"1987","PMCH_MCHR1"
"1988","PMCH_MCHR2"
"1989","PNOC_OPRL1"
"1990","PODXL2_SELL"
"1991","PODXL_SELL"
"1992","POMC_MC1R"
"1993","POMC_MC2R"
"1994","POMC_MC3R"
"1995","POMC_MC4R"
"1996","POMC_MC5R"
"1997","POMC_OPRD1"
"1998","POMC_OPRK1"
"1999","POMC_OPRM1"
"2000","PON2_HTR2A"
"2001","PPBP_CXCR1"
"2002","PPBP_CXCR2"
"2003","PPBP_DARC"
"2004","PPY_NPY1R"
"2005","PPY_NPY2R"
"2006","PPY_NPY4R"
"2007","PPY_NPY5R"
"2008","PRLH_PRLHR"
"2009","PRL_PRLR"
"2010","PRND_RPSA"
"2011","PROC_ITGAM"
"2012","PROC_ITGB2"
"2013","PROC_PROCR"
"2014","PROC_THBD"
"2015","PROK1_PROKR1"
"2016","PROK1_PROKR2"
"2017","PROK2_PROKR1"
"2018","PROK2_PROKR2"
"2019","PROS1_AXL"
"2020","PROS1_TYRO3"
"2021","PRSS23_TMEM222"
"2022","PSAP_CD1B"
"2023","PSAP_CELSR1"
"2024","PSAP_GPR37"
"2025","PSAP_GPR37L1"
"2026","PSAP_LRP1"
"2027","PSAP_SORT1"
"2028","PSEN1_CD44"
"2029","PSEN1_NCSTN"
"2030","PSEN1_NOTCH1"
"2031","PSEN1_NOTCH2"
"2032","PSEN1_NOTCH3"
"2033","PSEN1_NOTCH4"
"2034","PSPN_GFRA1"
"2035","PSPN_GFRA4"
"2036","PSPN_RET"
"2037","PSPN_SDC3"
"2038","PTDSS1_JMJD6"
"2039","PTDSS1_SCARB1"
"2040","PTGS2_ALOX5"
"2041","PTGS2_CAV1"
"2042","PTGS2_PTGDR2"
"2043","PTH2_PTH1R"
"2044","PTH2_PTH2R"
"2045","PTHLH_PRLHR"
"2046","PTHLH_PTH1R"
"2047","PTHLH_PTH2R"
"2048","PTH_PTH1R"
"2049","PTH_PTH2R"
"2050","PTMA_VIPR1"
"2051","PTN_ALK"
"2052","PTN_CDH10"
"2053","PTN_PLXNB2"
"2054","PTN_PTPRB"
"2055","PTN_PTPRS"
"2056","PTN_PTPRZ1"
"2057","PTN_SDC1"
"2058","PTN_SDC3"
"2059","PYY_FAP"
"2060","PYY_NPY1R"
"2061","PYY_NPY2R"
"2062","PYY_NPY4R"
"2063","PYY_NPY5R"
"2064","QDPR_DYSF"
"2065","QRFP_P2RY14"
"2066","QRFP_QRFPR"
"2067","RAET1E_KLRK1"
"2068","RARRES2_CCRL2"
"2069","RARRES2_CMKLR1"
"2070","RARRES2_GPR1"
"2071","RBP3_NOTCH1"
"2072","RBP4_STRA6"
"2073","RELN_ITGA3"
"2074","RELN_ITGB1"
"2075","RELN_LRP8"
"2076","RELN_VLDLR"
"2077","REN_ASIC3"
"2078","REN_ATP6AP2"
"2079","RGMA_BMPR1B"
"2080","RGMA_BMPR2"
"2081","RGMA_HFE2"
"2082","RGMA_NEO1"
"2083","RGMB_BMPR1B"
"2084","RGMB_BMPR2"
"2085","RGMB_HFE2"
"2086","RGMB_NEO1"
"2087","RIMS1_CACNA1C"
"2088","RIMS1_SLC17A7"
"2089","RIMS1_SLC18A2"
"2090","RIMS1_SLC18A3"
"2091","RIMS2_ABCA1"
"2092","RLN1_RXFP1"
"2093","RLN1_RXFP2"
"2094","RLN2_RXFP1"
"2095","RLN2_RXFP2"
"2096","RLN3_RXFP1"
"2097","RLN3_RXFP2"
"2098","RLN3_RXFP3"
"2099","RLN3_RXFP4"
"2100","RNASE2_TLR2"
"2101","RPH3A_NRXN1"
"2102","RPS19_C5AR1"
"2103","RSPO1_FZD8"
"2104","RSPO1_LGR4"
"2105","RSPO1_LGR5"
"2106","RSPO1_LGR6"
"2107","RSPO1_LRP6"
"2108","RSPO1_ZNRF3"
"2109","RSPO2_LGR4"
"2110","RSPO2_LGR5"
"2111","RSPO2_LGR6"
"2112","RSPO3_FZD8"
"2113","RSPO3_LGR4"
"2114","RSPO3_LGR5"
"2115","RSPO3_LGR6"
"2116","RSPO3_LRP6"
"2117","RSPO3_SDC4"
"2118","RSPO4_LGR4"
"2119","RSPO4_LGR5"
"2120","RSPO4_LGR6"
"2121","RTN4_CNTNAP1"
"2122","RTN4_GJB2"
"2123","RTN4_LINGO1"
"2124","RTN4_NGFR"
"2125","RTN4_RTN4R"
"2126","RTN4_RTN4RL1"
"2127","RTN4_TNFRSF19"
"2128","S100A8_TLR4"
"2129","S100A9_TLR4"
"2130","SAA1_FPR1"
"2131","SAA1_FPR2"
"2132","SAA1_SCARB1"
"2133","SCGB1A1_LMBR1L"
"2134","SCGB1A1_LRP2"
"2135","SCGB3A1_MARCO"
"2136","SCGB3A2_MARCO"
"2137","SCT_SCTR"
"2138","SCT_VIPR1"
"2139","SCT_VIPR2"
"2140","SELPLG_ESAM"
"2141","SELPLG_ITGAM"
"2142","SELPLG_ITGB2"
"2143","SELPLG_SELE"
"2144","SELPLG_SELL"
"2145","SELPLG_SELP"
"2146","SEMA3A_NRP1"
"2147","SEMA3A_NRP2"
"2148","SEMA3A_PLXNA1"
"2149","SEMA3A_PLXNA2"
"2150","SEMA3A_PLXNA3"
"2151","SEMA3A_PLXNA4"
"2152","SEMA3B_NRP1"
"2153","SEMA3B_NRP2"
"2154","SEMA3C_NRP1"
"2155","SEMA3C_NRP2"
"2156","SEMA3C_PLXND1"
"2157","SEMA3D_NRP1"
"2158","SEMA3E_NRP1"
"2159","SEMA3E_PLXND1"
"2160","SEMA3F_NRP1"
"2161","SEMA3F_NRP2"
"2162","SEMA3F_PLXNA1"
"2163","SEMA3F_PLXNA3"
"2164","SEMA3G_NRP2"
"2165","SEMA4A_PLXND1"
"2166","SEMA4B_DCBLD2"
"2167","SEMA4C_PLXNB2"
"2168","SEMA4D_CD72"
"2169","SEMA4D_ERBB2"
"2170","SEMA4D_MET"
"2171","SEMA4D_PLXNB1"
"2172","SEMA4D_PLXNB2"
"2173","SEMA4F_NRP2"
"2174","SEMA4G_PLXNB2"
"2175","SEMA5A_MET"
"2176","SEMA5A_PLXNB3"
"2177","SEMA6A_PLXNA2"
"2178","SEMA6A_PLXNA4"
"2179","SEMA6D_KDR"
"2180","SEMA6D_PLXNA1"
"2181","SEMA6D_TREM2"
"2182","SEMA6D_TYROBP"
"2183","SEMA7A_ITGA1"
"2184","SEMA7A_ITGB1"
"2185","SEMA7A_PLXNC1"
"2186","SERPINA1_LRP1"
"2187","SERPINA7_SLC16A2"
"2188","SERPINC1_GPC1"
"2189","SERPINC1_LRP1"
"2190","SERPINC1_SDC2"
"2191","SERPINE1_ITGAV"
"2192","SERPINE1_ITGB5"
"2193","SERPINE1_LRP1"
"2194","SERPINE1_LRP2"
"2195","SERPINE1_PLAUR"
"2196","SERPINE2_LRP1"
"2197","SERPING1_LRP1"
"2198","SERPING1_SELE"
"2199","SERPING1_SELP"
"2200","SFRP1_FZD2"
"2201","SFRP1_FZD6"
"2202","SFTPA1_TLR2"
"2203","SFTPA2_CD93"
"2204","SFTPD_LY96"
"2205","SFTPD_TLR4"
"2206","SHANK1_ABCA1"
"2207","SHANK1_BAI2"
"2208","SHANK1_LPHN1"
"2209","SHANK1_LPHN2"
"2210","SHANK1_SSTR2"
"2211","SHBG_CD177"
"2212","SHBG_CLDN4"
"2213","SHBG_SLC37A1"
"2214","SHH_BOC"
"2215","SHH_CDON"
"2216","SHH_GPC5"
"2217","SHH_HHIP"
"2218","SHH_LRP2"
"2219","SHH_PTCH1"
"2220","SHH_PTCH2"
"2221","SHH_SMO"
"2222","SLIT1_GPC1"
"2223","SLIT1_ROBO1"
"2224","SLIT1_SDC1"
"2225","SLIT2_DCC"
"2226","SLIT2_GPC1"
"2227","SLIT2_ROBO1"
"2228","SLIT2_ROBO2"
"2229","SLIT2_ROBO4"
"2230","SLIT2_SDC1"
"2231","SLIT3_ROBO2"
"2232","SLPI_CD4"
"2233","SORBS1_INSR"
"2234","SORBS1_ITGA1"
"2235","SORBS1_ITGB5"
"2236","SOST_LRP5"
"2237","SOST_LRP6"
"2238","SPINK1_EGFR"
"2239","SPINK1_NRSN1"
"2240","SPINT1_ST14"
"2241","SPON2_ITGAM"
"2242","SPON2_ITGB2"
"2243","SPP1_CD44"
"2244","SPP1_ITGA4"
"2245","SPP1_ITGA5"
"2246","SPP1_ITGA9"
"2247","SPP1_ITGAV"
"2248","SPP1_ITGB1"
"2249","SPP1_S1PR1"
"2250","SST_SSTR1"
"2251","SST_SSTR2"
"2252","SST_SSTR3"
"2253","SST_SSTR4"
"2254","SST_SSTR5"
"2255","SYTL3_NRXN1"
"2256","TAC1_TACR1"
"2257","TAC1_TACR2"
"2258","TAC1_TACR3"
"2259","TAC3_TACR1"
"2260","TAC3_TACR2"
"2261","TAC3_TACR3"
"2262","TAC4_TACR1"
"2263","TAC4_TACR2"
"2264","TAC4_TACR3"
"2265","TCN2_CNR1"
"2266","TCN2_LRP2"
"2267","TCTN1_TMEM67"
"2268","TDGF1_ACVR1B"
"2269","TDGF1_ACVR1C"
"2270","TDGF1_ACVR2A"
"2271","TDGF1_ACVR2B"
"2272","TDGF1_GPC1"
"2273","TFPI_F3"
"2274","TFPI_LRP1"
"2275","TFPI_SDC4"
"2276","TFPI_VLDLR"
"2277","TF_GPR162"
"2278","TF_TFR2"
"2279","TF_TFRC"
"2280","TGFA_EGFR"
"2281","TGFA_ERBB2"
"2282","TGFA_ERBB3"
"2283","TGFA_ERBB4"
"2284","TGFB1_ACVRL1"
"2285","TGFB1_CAV1"
"2286","TGFB1_CD109"
"2287","TGFB1_CXCR4"
"2288","TGFB1_ENG"
"2289","TGFB1_ITGAV"
"2290","TGFB1_ITGB6"
"2291","TGFB1_ITGB8"
"2292","TGFB1_SDC2"
"2293","TGFB1_TGFBR1"
"2294","TGFB1_TGFBR2"
"2295","TGFB1_TGFBR3"
"2296","TGFB2_ACVR1"
"2297","TGFB2_ENG"
"2298","TGFB2_TGFBR1"
"2299","TGFB2_TGFBR2"
"2300","TGFB2_TGFBR3"
"2301","TGFB3_ACVRL1"
"2302","TGFB3_ENG"
"2303","TGFB3_TGFBR1"
"2304","TGFB3_TGFBR2"
"2305","TGFB3_TGFBR3"
"2306","TGM2_GPR56"
"2307","TGM2_ITGA4"
"2308","TGM2_ITGA9"
"2309","TGM2_ITGB1"
"2310","TGM2_ITGB3"
"2311","TGM2_SDC4"
"2312","TGM2_TBXA2R"
"2313","TG_ASGR1"
"2314","TG_LRP2"
"2315","THBS1_CD36"
"2316","THBS1_CD47"
"2317","THBS1_ITGA2B"
"2318","THBS1_ITGA3"
"2319","THBS1_ITGA4"
"2320","THBS1_ITGA6"
"2321","THBS1_ITGB1"
"2322","THBS1_ITGB3"
"2323","THBS1_LRP1"
"2324","THBS1_LRP5"
"2325","THBS1_SCARB1"
"2326","THBS1_SDC1"
"2327","THBS1_SDC4"
"2328","THBS1_TNFRSF11B"
"2329","THBS2_CD47"
"2330","THBS2_ITGA4"
"2331","THBS2_ITGA6"
"2332","THBS2_ITGB1"
"2333","THBS2_NOTCH3"
"2334","THBS2_NOTCH4"
"2335","THPO_MPL"
"2336","THPO_SIRPB1"
"2337","TIMP1_CD63"
"2338","TIMP2_ITGA3"
"2339","TIMP2_ITGB1"
"2340","TIMP3_AGTR2"
"2341","TIMP3_KDR"
"2342","TNC_CNTN1"
"2343","TNC_EGFR"
"2344","TNC_ITGA2"
"2345","TNC_ITGA5"
"2346","TNC_ITGA7"
"2347","TNC_ITGA8"
"2348","TNC_ITGA9"
"2349","TNC_ITGAV"
"2350","TNC_ITGB1"
"2351","TNC_NT5E"
"2352","TNC_PTPRB"
"2353","TNC_PTPRZ1"
"2354","TNC_SDC1"
"2355","TNC_SDC4"
"2356","TNFSF10_TNFRSF10A"
"2357","TNFSF10_TNFRSF10B"
"2358","TNFSF10_TNFRSF10C"
"2359","TNFSF10_TNFRSF10D"
"2360","TNFSF10_TNFRSF11B"
"2361","TNFSF11_TNFRSF11A"
"2362","TNFSF11_TNFRSF11B"
"2363","TNFSF12_TNFRSF12A"
"2364","TNFSF12_TNFRSF25"
"2365","TNFSF13B_TNFRSF13B"
"2366","TNFSF13B_TNFRSF13C"
"2367","TNFSF13B_TNFRSF17"
"2368","TNFSF13_FAS"
"2369","TNFSF13_SDC2"
"2370","TNFSF13_TNFRSF11B"
"2371","TNFSF13_TNFRSF13B"
"2372","TNFSF13_TNFRSF14"
"2373","TNFSF13_TNFRSF17"
"2374","TNFSF13_TNFRSF1A"
"2375","TNFSF14_LTBR"
"2376","TNFSF14_TNFRSF14"
"2377","TNFSF14_TNFRSF6B"
"2378","TNFSF15_TNFRSF25"
"2379","TNFSF15_TNFRSF6B"
"2380","TNFSF18_TNFRSF18"
"2381","TNFSF4_TNFRSF4"
"2382","TNFSF4_TRAF2"
"2383","TNFSF8_TNFRSF8"
"2384","TNFSF9_TNFRSF9"
"2385","TNFSF9_TRAF2"
"2386","TNF_LTBR"
"2387","TNF_SLC5A11"
"2388","TNF_TNFRSF1A"
"2389","TNF_TNFRSF1B"
"2390","TNF_TNFRSF21"
"2391","TNF_TRAF2"
"2392","TPH1_HTR1A"
"2393","TPH1_HTR1B"
"2394","TPH1_HTR1D"
"2395","TPH1_HTR1E"
"2396","TPH1_HTR1F"
"2397","TPH1_HTR2A"
"2398","TPH1_HTR2B"
"2399","TPH1_HTR2C"
"2400","TPH1_HTR4"
"2401","TPH1_HTR5A"
"2402","TPH1_HTR6"
"2403","TPH1_HTR7"
"2404","TRH_TRHR"
"2405","TSHB_TSHR"
"2406","TSLP_IL7R"
"2407","UBA52_ACVR1"
"2408","UBA52_AGTR1"
"2409","UBA52_BMPR1B"
"2410","UBA52_EGFR"
"2411","UBA52_ERBB2"
"2412","UBA52_FSHR"
"2413","UBA52_NOTCH1"
"2414","UBA52_TGFBR1"
"2415","UBA52_TGFBR2"
"2416","UCN2_CRHR1"
"2417","UCN2_CRHR2"
"2418","UCN2_IL10RB"
"2419","UCN3_CRHR1"
"2420","UCN3_CRHR2"
"2421","UCN3_IL10RB"
"2422","UCN_CRHR1"
"2423","UCN_CRHR2"
"2424","ULBP2_KLRK1"
"2425","UTS2B_UTS2R"
"2426","UTS2_UTS2R"
"2427","VASP_CXCR2"
"2428","VCAM1_ITGA4"
"2429","VCAM1_ITGA9"
"2430","VCAM1_ITGAD"
"2431","VCAM1_ITGB1"
"2432","VCAM1_ITGB2"
"2433","VCAM1_ITGB7"
"2434","VCAN_CD44"
"2435","VCAN_EGFR"
"2436","VCAN_ITGA4"
"2437","VCAN_ITGB1"
"2438","VCAN_SELL"
"2439","VCAN_SELP"
"2440","VCAN_TLR1"
"2441","VCAN_TLR2"
"2442","VEGFA_EGFR"
"2443","VEGFA_EPHB2"
"2444","VEGFA_FLT1"
"2445","VEGFA_GPC1"
"2446","VEGFA_ITGA9"
"2447","VEGFA_ITGAV"
"2448","VEGFA_ITGB1"
"2449","VEGFA_KDR"
"2450","VEGFA_NRP1"
"2451","VEGFA_NRP2"
"2452","VEGFA_RET"
"2453","VEGFA_SIRPA"
"2454","VEGFA_TYRO3"
"2455","VEGFB_FLT1"
"2456","VEGFB_NRP1"
"2457","VEGFB_RET"
"2458","VEGFB_TYRO3"
"2459","VEGFC_FLT1"
"2460","VEGFC_FLT4"
"2461","VEGFC_ITGA9"
"2462","VEGFC_ITGB1"
"2463","VEGFC_KDR"
"2464","VEGFC_LYVE1"
"2465","VEGFC_NRP2"
"2466","VEGFC_VIPR2"
"2467","VIM_CD44"
"2468","VIP_ADCYAP1R1"
"2469","VIP_NPR3"
"2470","VIP_SCTR"
"2471","VIP_VIPR1"
"2472","VIP_VIPR2"
"2473","VTN_CD47"
"2474","VTN_ITGA2B"
"2475","VTN_ITGA3"
"2476","VTN_ITGA5"
"2477","VTN_ITGA8"
"2478","VTN_ITGAV"
"2479","VTN_ITGB1"
"2480","VTN_ITGB3"
"2481","VTN_ITGB5"
"2482","VTN_ITGB6"
"2483","VTN_ITGB8"
"2484","VTN_KDR"
"2485","VTN_PLAUR"
"2486","VTN_PVR"
"2487","VTN_TNFRSF11B"
"2488","VWF_GP1BA"
"2489","VWF_ITGA2B"
"2490","VWF_SELP"
"2491","VWF_SIRPA"
"2492","VWF_TNFRSF11B"
"2493","WNT11_FZD7"
"2494","WNT16_FZD6"
"2495","WNT1_FZD1"
"2496","WNT1_FZD3"
"2497","WNT1_FZD5"
"2498","WNT1_FZD7"
"2499","WNT1_FZD8"
"2500","WNT1_FZD9"
"2501","WNT1_LRP5"
"2502","WNT1_LRP6"
"2503","WNT1_RYK"
"2504","WNT2_FZD1"
"2505","WNT2_FZD5"
"2506","WNT2_FZD7"
"2507","WNT2_FZD8"
"2508","WNT2_FZD9"
"2509","WNT2_LRP6"
"2510","WNT3A_APCDD1"
"2511","WNT3A_ATP6AP2"
"2512","WNT3A_FZD1"
"2513","WNT3A_FZD2"
"2514","WNT3A_FZD5"
"2515","WNT3A_FZD6"
"2516","WNT3A_FZD7"
"2517","WNT3A_FZD8"
"2518","WNT3A_LRP1"
"2519","WNT3A_LRP6"
"2520","WNT3A_RYK"
"2521","WNT3_FZD1"
"2522","WNT3_FZD5"
"2523","WNT3_FZD7"
"2524","WNT3_FZD8"
"2525","WNT3_LRP6"
"2526","WNT3_RYK"
"2527","WNT4_FZD2"
"2528","WNT4_FZD6"
"2529","WNT5A_FZD1"
"2530","WNT5A_FZD2"
"2531","WNT5A_FZD4"
"2532","WNT5A_FZD5"
"2533","WNT5A_FZD6"
"2534","WNT5A_FZD7"
"2535","WNT5A_FZD8"
"2536","WNT5A_LRP5"
"2537","WNT5A_MCAM"
"2538","WNT5A_ROR1"
"2539","WNT5A_ROR2"
"2540","WNT5A_RYK"
"2541","WNT7A_FZD10"
"2542","WNT7A_FZD5"
"2543","WNT7A_FZD9"
"2544","WNT7A_LRP6"
"2545","WNT7B_FZD1"
"2546","WNT7B_FZD10"
"2547","WNT7B_LRP5"
"2548","XCL1_XCR1"
"2549","XCL2_XCR1"
"2550","YARS_CXCR1"
"2551","ZG16B_CXCR4"
"2552","ZG16B_TLR2"
"2553","ZG16B_TLR4"
"2554","ZG16B_TLR5"
"2555","ZG16B_TLR6"
"2556","ZP3_EGFR"
"2557","ZP3_MERTK"
