,ligand,receptor,
1,ICOSLG,ICOS,ICOSLG_ICOS
2,ICOSLG,CD28,ICOSLG_CD28
3,CD80,CD28,CD80_CD28
4,CD86,CD28,CD86_CD28
5,CD70,CD27,CD70_CD27
6,TNFSF14,TNFRSF14,TNFSF14_TNFRSF14
7,CD40LG,CD40,CD40LG_CD40
8,TNFSF9,TNFRSF9,TNFSF9_TNFRSF9
9,TNFSF4,TNFRSF4,TNFSF4_TNFRSF4
10,TNFSF15,TNFRSF25,TNFSF15_TNFRSF25
11,TNFSF18,TNFRSF18,TNFSF18_TNFRSF18
12,TNFSF8,TNFRSF8,TNFSF8_TNFRSF8
13,SLAMF1,SLAMF1,SLAMF1_SLAMF1
14,CD48,CD2,CD48_CD2
15,CD58,CD2,CD58_CD2
16,PVR,CD226,PVR_CD226
17,NECTIN2,CD226,NECTIN2_CD226
18,CD86,CTLA4,CD86_CTLA4
19,CD80,CTLA4,CD80_CTLA4
20,PDCD1LG2,PDCD1,PDCD1LG2_PDCD1
21,CD274,PDCD1,CD274_PDCD1
22,CD274,CD80,CD274_CD80
23,TNFRSF14,CD160,TNFRSF14_CD160
24,TNFRSF14,BTLA,TNFRSF14_BTLA
25,LGALS9,HAVCR2,LGALS9_HAVCR2
26,CD48,CD244,CD48_CD244
27,PVR,TIGIT,PVR_TIGIT
28,NECTIN2,TIGIT,NECTIN2_TIGIT
29,NECTIN3,TIGIT,NECTIN3_TIGIT
30,ICOSLG,CTLA4,ICOSLG_CTLA4
31,CADM1,CRTAM,CADM1_CRTAM
32,TIMD4,HAVCR1,TIMD4_HAVCR1
33,HAVCR1,HAVCR1,HAVCR1_HAVCR1
34,SLAMF6,SLAMF6,SLAMF6_SLAMF6
35,CD84,CD84,CD84_CD84
36,LY9,LY9,LY9_LY9
37,SLAMF7,SLAMF7,SLAMF7_SLAMF7
38,LTA,TNFRSF1A,LTA_TNFRSF1A
39,TNF,TNFRSF1B,TNF_TNFRSF1B
40,TNFSF14,LTBR,TNFSF14_LTBR
41,FASLG,FAS,FASLG_FAS
42,TNFSF10,TNFRSF10A,TNFSF10_TNFRSF10A
43,TNFSF10,TNFRSF10B,TNFSF10_TNFRSF10B
44,TNFSF10,TNFRSF10C,TNFSF10_TNFRSF10C
45,TNFSF10,TNFRSF10D,TNFSF10_TNFRSF10D
46,HLA-DPA1,LAG3,HLA-DPA1_LAG3
47,HLA-DPB1,LAG3,HLA-DPB1_LAG3
48,HLA-DQA1,LAG3,HLA-DQA1_LAG3
49,HLA-DQA2,LAG3,HLA-DQA2_LAG3
50,HLA-DQB1,LAG3,HLA-DQB1_LAG3
51,HLA-DQB2,LAG3,HLA-DQB2_LAG3
52,HLA-DRA,LAG3,HLA-DRA_LAG3
53,HLA-DRB1,LAG3,HLA-DRB1_LAG3
54,HLA-DRB3,LAG3,HLA-DRB3_LAG3
55,HLA-DRB4,LAG3,HLA-DRB4_LAG3
56,HLA-DRB5,LAG3,HLA-DRB5_LAG3
57,NECTIN1,CD96,NECTIN1_CD96
58,PVR,CD96,PVR_CD96
59,HMGB1,HAVCR2,HMGB1_HAVCR2
60,CEACAM1,HAVCR2,CEACAM1_HAVCR2
61,HHLA2,TMIGD2,HHLA2_TMIGD2
62,PDCD1LG2,RGMB,PDCD1LG2_RGMB
63,CLEC4G,LAG3,CLEC4G_LAG3
64,FGL1,LAG3,FGL1_LAG3
65,A2M,LRP1,A2M_LRP1
66,AANAT,MTNR1A,AANAT_MTNR1A
67,AANAT,MTNR1B,AANAT_MTNR1B
68,ACE,AGTR2,ACE_AGTR2
69,ACE,BDKRB2,ACE_BDKRB2
70,ADAM10,AXL,ADAM10_AXL
71,ADAM10,EPHA3,ADAM10_EPHA3
72,ADAM12,ITGA9,ADAM12_ITGA9
73,ADAM12,ITGB1,ADAM12_ITGB1
74,ADAM12,SDC4,ADAM12_SDC4
75,ADAM15,ITGA5,ADAM15_ITGA5
76,ADAM15,ITGA9,ADAM15_ITGA9
77,ADAM15,ITGAV,ADAM15_ITGAV
78,ADAM15,ITGB1,ADAM15_ITGB1
79,ADAM15,ITGB3,ADAM15_ITGB3
80,ADAM17,ERBB4,ADAM17_ERBB4
81,ADAM17,ITGA5,ADAM17_ITGA5
82,ADAM17,ITGB1,ADAM17_ITGB1
83,ADAM17,NOTCH1,ADAM17_NOTCH1
84,ADAM23,ITGA5,ADAM23_ITGA5
85,ADAM23,ITGB3,ADAM23_ITGB3
86,ADAM28,ITGA4,ADAM28_ITGA4
87,ADAM2,CD9,ADAM2_CD9
88,ADAM2,ITGA6,ADAM2_ITGA6
89,ADAM2,ITGA9,ADAM2_ITGA9
90,ADAM2,ITGB1,ADAM2_ITGB1
91,ADAM2,ITGB7,ADAM2_ITGB7
92,ADAM9,ITGA3,ADAM9_ITGA3
93,ADAM9,ITGA6,ADAM9_ITGA6
94,ADAM9,ITGAV,ADAM9_ITGAV
95,ADAM9,ITGB1,ADAM9_ITGB1
96,ADAM9,ITGB5,ADAM9_ITGB5
97,ADCYAP1,ADCYAP1R1,ADCYAP1_ADCYAP1R1
98,ADCYAP1,SCTR,ADCYAP1_SCTR
99,ADCYAP1,VIPR1,ADCYAP1_VIPR1
100,ADCYAP1,VIPR2,ADCYAP1_VIPR2
101,ADIPOQ,ADIPOR1,ADIPOQ_ADIPOR1
102,ADIPOQ,ADIPOR2,ADIPOQ_ADIPOR2
103,ADM2,CALCR,ADM2_CALCR
104,ADM2,CALCRL,ADM2_CALCRL
105,ADM2,RAMP1,ADM2_RAMP1
106,ADM,CALCR,ADM_CALCR
107,ADM,CALCRL,ADM_CALCRL
108,ADM,GPR182,ADM_GPR182
109,ADM,MRGPRX2,ADM_MRGPRX2
110,ADM,RAMP2,ADM_RAMP2
111,AGRN,ATP1A3,AGRN_ATP1A3
112,AGRN,LRP4,AGRN_LRP4
113,AGRN,MUSK,AGRN_MUSK
114,AGRP,MC3R,AGRP_MC3R
115,AGRP,MC4R,AGRP_MC4R
116,AGRP,MC5R,AGRP_MC5R
117,AGRP,SDC3,AGRP_SDC3
118,AGT,AGTR1,AGT_AGTR1
119,AGT,AGTR2,AGT_AGTR2
120,AGT,LRP2,AGT_LRP2
121,AGT,MAS1,AGT_MAS1
122,AHSG,INSR,AHSG_INSR
123,ALB,LRP2,ALB_LRP2
124,AMELX,LAMP1,AMELX_LAMP1
125,AMELY,LAMP1,AMELY_LAMP1
126,AMH,ACVR1,AMH_ACVR1
127,AMH,AMHR2,AMH_AMHR2
128,AMH,EGFR,AMH_EGFR
129,ANGPT1,ITGA5,ANGPT1_ITGA5
130,ANGPT1,TEK,ANGPT1_TEK
131,ANGPT1,TIE1,ANGPT1_TIE1
132,ANGPT2,TEK,ANGPT2_TEK
133,ANGPT4,TEK,ANGPT4_TEK
134,ANGPTL1,TEK,ANGPTL1_TEK
135,ANGPTL3,ITGA5,ANGPTL3_ITGA5
136,ANGPTL3,ITGAV,ANGPTL3_ITGAV
137,ANGPTL3,ITGB3,ANGPTL3_ITGB3
138,ANXA1,DYSF,ANXA1_DYSF
139,ANXA1,EGFR,ANXA1_EGFR
140,ANXA1,FPR1,ANXA1_FPR1
141,ANXA1,FPR2,ANXA1_FPR2
142,ANXA1,FPR3,ANXA1_FPR3
143,APLN,APLNR,APLN_APLNR
144,APOB,LDLR,APOB_LDLR
145,APOB,LRP2,APOB_LRP2
146,APOB,LSR,APOB_LSR
147,APOB,OLR1,APOB_OLR1
148,APOD,LEPR,APOD_LEPR
149,APOE,LDLR,APOE_LDLR
150,APOE,LRP1,APOE_LRP1
151,APOE,LRP2,APOE_LRP2
152,APOE,LRP5,APOE_LRP5
153,APOE,LRP8,APOE_LRP8
154,APOE,SCARB1,APOE_SCARB1
155,APOE,SORL1,APOE_SORL1
156,APOE,VLDLR,APOE_VLDLR
157,APP,CAV1,APP_CAV1
158,APP,CD74,APP_CD74
159,APP,FPR2,APP_FPR2
160,APP,GPC1,APP_GPC1
161,APP,LRP1,APP_LRP1
162,APP,NCSTN,APP_NCSTN
163,APP,TNFRSF21,APP_TNFRSF21
164,AREGB,EGFR,AREGB_EGFR
165,AREG,EGFR,AREG_EGFR
166,AREG,ERBB3,AREG_ERBB3
167,ARF1,CHRM3,ARF1_CHRM3
168,ARF1,INSR,ARF1_INSR
169,ARF1,PLD2,ARF1_PLD2
170,ARTN,GFRA1,ARTN_GFRA1
171,ARTN,GFRA3,ARTN_GFRA3
172,ARTN,RET,ARTN_RET
173,ASIP,ATRN,ASIP_ATRN
174,ASIP,F11R,ASIP_F11R
175,ASIP,MC1R,ASIP_MC1R
176,ASIP,MC2R,ASIP_MC2R
177,ASIP,MC3R,ASIP_MC3R
178,ASIP,MC4R,ASIP_MC4R
179,ASIP,MC5R,ASIP_MC5R
180,AVP,AVPR1A,AVP_AVPR1A
181,AVP,AVPR1B,AVP_AVPR1B
182,AVP,AVPR2,AVP_AVPR2
183,AVP,OXTR,AVP_OXTR
184,AZGP1,ITGAV,AZGP1_ITGAV
185,B2M,CD1A,B2M_CD1A
186,B2M,CD1B,B2M_CD1B
187,B2M,HFE,B2M_HFE
188,B2M,HLA-F,B2M_HLA-F
189,B2M,LILRB1,B2M_LILRB1
190,BDNF,NGFR,BDNF_NGFR
191,BDNF,NGFRAP1,BDNF_NGFRAP1
192,BDNF,NTRK2,BDNF_NTRK2
193,BDNF,SORT1,BDNF_SORT1
194,BGN,TLR2,BGN_TLR2
195,BGN,TLR4,BGN_TLR4
196,BMP10,ACVR2A,BMP10_ACVR2A
197,BMP10,ACVRL1,BMP10_ACVRL1
198,BMP10,BMPR1A,BMP10_BMPR1A
199,BMP10,BMPR1B,BMP10_BMPR1B
200,BMP10,BMPR2,BMP10_BMPR2
201,BMP10,ENG,BMP10_ENG
202,BMP15,ACVR2A,BMP15_ACVR2A
203,BMP15,BMPR1A,BMP15_BMPR1A
204,BMP15,BMPR1B,BMP15_BMPR1B
205,BMP15,BMPR2,BMP15_BMPR2
206,BMP2,ACVR1,BMP2_ACVR1
207,BMP2,ACVR2A,BMP2_ACVR2A
208,BMP2,ACVR2B,BMP2_ACVR2B
209,BMP2,BMPR1A,BMP2_BMPR1A
210,BMP2,BMPR1B,BMP2_BMPR1B
211,BMP2,BMPR2,BMP2_BMPR2
212,BMP2,ENG,BMP2_ENG
213,BMP2,HFE2,BMP2_HFE2
214,BMP3,ACVR2B,BMP3_ACVR2B
215,BMP4,BMPR1A,BMP4_BMPR1A
216,BMP4,BMPR1B,BMP4_BMPR1B
217,BMP4,BMPR2,BMP4_BMPR2
218,BMP5,BMPR1A,BMP5_BMPR1A
219,BMP6,ACVR1,BMP6_ACVR1
220,BMP6,ACVR2A,BMP6_ACVR2A
221,BMP6,BMPR1A,BMP6_BMPR1A
222,BMP6,BMPR1B,BMP6_BMPR1B
223,BMP6,BMPR2,BMP6_BMPR2
224,BMP7,ACVR1,BMP7_ACVR1
225,BMP7,ACVR2A,BMP7_ACVR2A
226,BMP7,ACVR2B,BMP7_ACVR2B
227,BMP7,BMPR1A,BMP7_BMPR1A
228,BMP7,BMPR1B,BMP7_BMPR1B
229,BMP7,BMPR2,BMP7_BMPR2
230,BMP7,ENG,BMP7_ENG
231,BST1,CAV1,BST1_CAV1
232,BTC,EGFR,BTC_EGFR
233,BTC,ERBB2,BTC_ERBB2
234,BTC,ERBB3,BTC_ERBB3
235,BTC,ERBB4,BTC_ERBB4
236,BTLA,CD79A,BTLA_CD79A
237,BTLA,VTCN1,BTLA_VTCN1
238,C1QA,CD93,C1QA_CD93
239,C1QA,CR1,C1QA_CR1
240,C1QA,CSPG4,C1QA_CSPG4
241,C1QB,LRP1,C1QB_LRP1
242,C1QTNF1,AVPR2,C1QTNF1_AVPR2
243,C1QTNF5,MFRP,C1QTNF5_MFRP
244,C3,C3AR1,C3_C3AR1
245,C3,C5AR2,C3_C5AR2
246,C3,CD19,C3_CD19
247,C3,CD46,C3_CD46
248,C3,CR1,C3_CR1
249,C3,ITGAM,C3_ITGAM
250,C3,ITGAX,C3_ITGAX
251,C3,ITGB2,C3_ITGB2
252,C3,LRP1,C3_LRP1
253,C4A,C3AR1,C4A_C3AR1
254,C4A,C5AR2,C4A_C5AR2
255,C4A,CR1,C4A_CR1
256,C4BPA,BMPR2,C4BPA_BMPR2
257,C4BPA,CD40,C4BPA_CD40
258,C4BPA,LRP1,C4BPA_LRP1
259,C4B,CD46,C4B_CD46
260,C4B,CR1,C4B_CR1
261,C5,C5AR1,C5_C5AR1
262,C5,C5AR2,C5_C5AR2
263,C5orf55,TRAF2,C5orf55_TRAF2
264,CALCA,CALCR,CALCA_CALCR
265,CALCA,CALCRL,CALCA_CALCRL
266,CALCA,RAMP1,CALCA_RAMP1
267,CALCA,RAMP2,CALCA_RAMP2
268,CALCB,CALCR,CALCB_CALCR
269,CALCB,CALCRL,CALCB_CALCRL
270,CALCB,RAMP1,CALCB_RAMP1
271,CALR,ITGA2B,CALR_ITGA2B
272,CALR,ITGA3,CALR_ITGA3
273,CALR,ITGAV,CALR_ITGAV
274,CALR,LRP1,CALR_LRP1
275,CALR,MTNR1A,CALR_MTNR1A
276,CALR,SCARF1,CALR_SCARF1
277,CALR,TSHR,CALR_TSHR
278,CAMP,FPR2,CAMP_FPR2
279,CCK,CCKAR,CCK_CCKAR
280,CCK,CCKBR,CCK_CCKBR
281,CCL11,ACKR2,CCL11_ACKR2
282,CCL11,ACKR4,CCL11_ACKR4
283,CCL11,CCR2,CCL11_CCR2
284,CCL11,CCR3,CCL11_CCR3
285,CCL11,CCR5,CCL11_CCR5
286,CCL11,CXCR3,CCL11_CXCR3
287,CCL13,ACKR2,CCL13_ACKR2
288,CCL13,ACKR4,CCL13_ACKR4
289,CCL13,CCR1,CCL13_CCR1
290,CCL13,CCR2,CCL13_CCR2
291,CCL13,CCR3,CCL13_CCR3
292,CCL13,CCR5,CCL13_CCR5
293,CCL13,CXCR3,CCL13_CXCR3
294,CCL14,ACKR2,CCL14_ACKR2
295,CCL14,CCR1,CCL14_CCR1
296,CCL14,CCR3,CCL14_CCR3
297,CCL14,CCR5,CCL14_CCR5
298,CCL15,CCR1,CCL15_CCR1
299,CCL15,CCR3,CCL15_CCR3
300,CCL16,CCR1,CCL16_CCR1
301,CCL16,CCR2,CCL16_CCR2
302,CCL16,CCR5,CCL16_CCR5
303,CCL16,CCR8,CCL16_CCR8
304,CCL16,HRH4,CCL16_HRH4
305,CCL17,CCR4,CCL17_CCR4
306,CCL17,CCR8,CCL17_CCR8
307,CCL17,DARC,CCL17_DARC
308,CCL18,C14orf1,CCL18_C14orf1
309,CCL19,ACKR2,CCL19_ACKR2
310,CCL19,ACKR4,CCL19_ACKR4
311,CCL19,CCR10,CCL19_CCR10
312,CCL19,CCR7,CCL19_CCR7
313,CCL19,CCRL2,CCL19_CCRL2
314,CCL19,CXCR3,CCL19_CXCR3
315,CCL1,CCR8,CCL1_CCR8
316,CCL20,CCR6,CCL20_CCR6
317,CCL20,CXCR3,CCL20_CXCR3
318,CCL21,ACKR2,CCL21_ACKR2
319,CCL21,ACKR4,CCL21_ACKR4
320,CCL21,CCR7,CCL21_CCR7
321,CCL21,CXCR3,CCL21_CXCR3
322,CCL22,CCR4,CCL22_CCR4
323,CCL23,CCR1,CCL23_CCR1
324,CCL24,CCR2,CCL24_CCR2
325,CCL24,CCR3,CCL24_CCR3
326,CCL25,ACKR2,CCL25_ACKR2
327,CCL25,ACKR4,CCL25_ACKR4
328,CCL25,CCR10,CCL25_CCR10
329,CCL25,CCR9,CCL25_CCR9
330,CCL26,CCR1,CCL26_CCR1
331,CCL26,CCR2,CCL26_CCR2
332,CCL26,CCR3,CCL26_CCR3
333,CCL27,ACKR2,CCL27_ACKR2
334,CCL27,CCR10,CCL27_CCR10
335,CCL28,ACKR2,CCL28_ACKR2
336,CCL28,CCR10,CCL28_CCR10
337,CCL28,CCR3,CCL28_CCR3
338,CCL2,ACKR2,CCL2_ACKR2
339,CCL2,ACKR4,CCL2_ACKR4
340,CCL2,CCR1,CCL2_CCR1
341,CCL2,CCR10,CCL2_CCR10
342,CCL2,CCR2,CCL2_CCR2
343,CCL2,CCR3,CCL2_CCR3
344,CCL2,CCR4,CCL2_CCR4
345,CCL2,CCR5,CCL2_CCR5
346,CCL2,DARC,CCL2_DARC
347,CCL3L1,CCR1,CCL3L1_CCR1
348,CCL3L1,CCR3,CCL3L1_CCR3
349,CCL3L1,CCR5,CCL3L1_CCR5
350,CCL3L3,ACKR2,CCL3L3_ACKR2
351,CCL3L3,CCR5,CCL3L3_CCR5
352,CCL3,ACKR2,CCL3_ACKR2
353,CCL3,CCR1,CCL3_CCR1
354,CCL3,CCR3,CCL3_CCR3
355,CCL3,CCR4,CCL3_CCR4
356,CCL3,CCR5,CCL3_CCR5
357,CCL4,ACKR2,CCL4_ACKR2
358,CCL4,CCR1,CCL4_CCR1
359,CCL4,CCR3,CCL4_CCR3
360,CCL4,CCR5,CCL4_CCR5
361,CCL4,CCR8,CCL4_CCR8
362,CCL5,ACKR2,CCL5_ACKR2
363,CCL5,ACKR4,CCL5_ACKR4
364,CCL5,CCR1,CCL5_CCR1
365,CCL5,CCR3,CCL5_CCR3
366,CCL5,CCR4,CCL5_CCR4
367,CCL5,CCR5,CCL5_CCR5
368,CCL5,CXCR3,CCL5_CXCR3
369,CCL5,DARC,CCL5_DARC
370,CCL5,GPR75,CCL5_GPR75
371,CCL5,SDC1,CCL5_SDC1
372,CCL5,SDC4,CCL5_SDC4
373,CCL7,ACKR2,CCL7_ACKR2
374,CCL7,ACKR4,CCL7_ACKR4
375,CCL7,CCR1,CCL7_CCR1
376,CCL7,CCR10,CCL7_CCR10
377,CCL7,CCR2,CCL7_CCR2
378,CCL7,CCR3,CCL7_CCR3
379,CCL7,CCR5,CCL7_CCR5
380,CCL7,CXCR3,CCL7_CXCR3
381,CCL7,DARC,CCL7_DARC
382,CCL8,ACKR2,CCL8_ACKR2
383,CCL8,ACKR4,CCL8_ACKR4
384,CCL8,CCR1,CCL8_CCR1
385,CCL8,CCR2,CCL8_CCR2
386,CCL8,CCR3,CCL8_CCR3
387,CCL8,CCR5,CCL8_CCR5
388,CCL8,DARC,CCL8_DARC
389,CD14,ITGA4,CD14_ITGA4
390,CD14,ITGB1,CD14_ITGB1
391,CD24,SELP,CD24_SELP
392,CD34,SELL,CD34_SELL
393,CD55,CD97,CD55_CD97
394,CD55,CR1,CD55_CR1
395,CD5L,CD5,CD5L_CD5
396,CDH1,EGFR,CDH1_EGFR
397,CDH1,IGF1R,CDH1_IGF1R
398,CDH1,ITGAE,CDH1_ITGAE
399,CDH1,ITGB7,CDH1_ITGB7
400,CDH1,PTPRF,CDH1_PTPRF
401,CDH1,PTPRM,CDH1_PTPRM
402,CEL,CXCR4,CEL_CXCR4
403,CFH,ITGAM,CFH_ITGAM
404,CFH,SELL,CFH_SELL
405,CGA,FSHR,CGA_FSHR
406,CGA,LHCGR,CGA_LHCGR
407,CGA,TSHR,CGA_TSHR
408,CGB,LHCGR,CGB_LHCGR
409,CGN,F11R,CGN_F11R
410,CHAD,ITGA2,CHAD_ITGA2
411,CHAD,ITGB1,CHAD_ITGB1
412,CLCF1,CNTFR,CLCF1_CNTFR
413,CLCF1,CRLF1,CLCF1_CRLF1
414,CLCF1,IL6ST,CLCF1_IL6ST
415,CLCF1,LIFR,CLCF1_LIFR
416,CNTF,CNTFR,CNTF_CNTFR
417,CNTF,IL6R,CNTF_IL6R
418,CNTF,IL6ST,CNTF_IL6ST
419,CNTF,LIFR,CNTF_LIFR
420,CNTN2,CNTN1,CNTN2_CNTN1
421,CNTN2,CNTNAP2,CNTN2_CNTNAP2
422,CNTN2,NRCAM,CNTN2_NRCAM
423,CNTN4,PTPRG,CNTN4_PTPRG
424,COL11A1,DDR1,COL11A1_DDR1
425,COL14A1,CD44,COL14A1_CD44
426,COL18A1,GPC1,COL18A1_GPC1
427,COL18A1,GPC4,COL18A1_GPC4
428,COL18A1,ITGA5,COL18A1_ITGA5
429,COL18A1,ITGB1,COL18A1_ITGB1
430,COL18A1,KDR,COL18A1_KDR
431,COL1A1,CD36,COL1A1_CD36
432,COL1A1,CD44,COL1A1_CD44
433,COL1A1,CD93,COL1A1_CD93
434,COL1A1,DDR1,COL1A1_DDR1
435,COL1A1,DDR2,COL1A1_DDR2
436,COL1A1,ITGA11,COL1A1_ITGA11
437,COL1A1,ITGA2,COL1A1_ITGA2
438,COL1A1,ITGA5,COL1A1_ITGA5
439,COL1A1,ITGB1,COL1A1_ITGB1
440,COL1A1,TMPRSS6,COL1A1_TMPRSS6
441,COL1A2,CD36,COL1A2_CD36
442,COL1A2,CD44,COL1A2_CD44
443,COL1A2,CD93,COL1A2_CD93
444,COL1A2,ITGA2,COL1A2_ITGA2
445,COL1A2,ITGA2B,COL1A2_ITGA2B
446,COL1A2,ITGB3,COL1A2_ITGB3
447,COL2A1,DDR1,COL2A1_DDR1
448,COL2A1,ITGA10,COL2A1_ITGA10
449,COL2A1,ITGA2,COL2A1_ITGA2
450,COL2A1,ITGA2B,COL2A1_ITGA2B
451,COL2A1,ITGB1,COL2A1_ITGB1
452,COL2A1,MAG,COL2A1_MAG
453,COL2A1,TNFRSF10A,COL2A1_TNFRSF10A
454,COL3A1,DDR1,COL3A1_DDR1
455,COL3A1,DDR2,COL3A1_DDR2
456,COL3A1,MAG,COL3A1_MAG
457,COL4A1,CD93,COL4A1_CD93
458,COL4A1,ITGA1,COL4A1_ITGA1
459,COL4A1,ITGAV,COL4A1_ITGAV
460,COL4A1,ITGB1,COL4A1_ITGB1
461,COL4A1,ITGB8,COL4A1_ITGB8
462,COL4A2,CD93,COL4A2_CD93
463,COL4A3,CD47,COL4A3_CD47
464,COL4A3,CD93,COL4A3_CD93
465,COL4A3,ITGAV,COL4A3_ITGAV
466,COL4A4,CD93,COL4A4_CD93
467,COL4A5,CD93,COL4A5_CD93
468,COL4A6,CD93,COL4A6_CD93
469,COL5A1,SDC3,COL5A1_SDC3
470,COL5A2,DDR1,COL5A2_DDR1
471,COL5A3,SDC3,COL5A3_SDC3
472,COL8A1,ITGA1,COL8A1_ITGA1
473,COL8A1,ITGA2,COL8A1_ITGA2
474,COL9A1,MAG,COL9A1_MAG
475,COL9A2,MAG,COL9A2_MAG
476,COL9A3,MAG,COL9A3_MAG
477,COLQ,MUSK,COLQ_MUSK
478,CORT,GHSR,CORT_GHSR
479,CORT,MRGPRX2,CORT_MRGPRX2
480,CORT,SSTR1,CORT_SSTR1
481,CORT,SSTR2,CORT_SSTR2
482,CORT,SSTR3,CORT_SSTR3
483,CORT,SSTR4,CORT_SSTR4
484,CORT,SSTR5,CORT_SSTR5
485,CPAMD8,SCTR,CPAMD8_SCTR
486,CP,SLC40A1,CP_SLC40A1
487,CRH,CRHR1,CRH_CRHR1
488,CRH,CRHR2,CRH_CRHR2
489,CRH,MC2R,CRH_MC2R
490,CRP,OLR1,CRP_OLR1
491,CSF1,CSF1R,CSF1_CSF1R
492,CSF2,CSF1R,CSF2_CSF1R
493,CSF2,CSF2RA,CSF2_CSF2RA
494,CSF2,CSF2RB,CSF2_CSF2RB
495,CSF2,CSF3R,CSF2_CSF3R
496,CSF2,IL3RA,CSF2_IL3RA
497,CSF2,SDC2,CSF2_SDC2
498,CSF3,CSF1R,CSF3_CSF1R
499,CSF3,CSF3R,CSF3_CSF3R
500,CSH1,PRLR,CSH1_PRLR
501,CSH2,PRLR,CSH2_PRLR
502,CSHL1,PRLR,CSHL1_PRLR
503,CTF1,IL6ST,CTF1_IL6ST
504,CTF1,LIFR,CTF1_LIFR
505,CTGF,ERBB4,CTGF_ERBB4
506,CTGF,ITGA5,CTGF_ITGA5
507,CTGF,ITGAM,CTGF_ITGAM
508,CTGF,ITGB2,CTGF_ITGB2
509,CTGF,LRP1,CTGF_LRP1
510,CTGF,LRP6,CTGF_LRP6
511,CTGF,NTRK1,CTGF_NTRK1
512,CTHRC1,FZD3,CTHRC1_FZD3
513,CTHRC1,FZD5,CTHRC1_FZD5
514,CTHRC1,FZD6,CTHRC1_FZD6
515,CUBN,LRP2,CUBN_LRP2
516,CX3CL1,CX3CR1,CX3CL1_CX3CR1
517,CXCL10,CCR3,CXCL10_CCR3
518,CXCL10,CXCR3,CXCL10_CXCR3
519,CXCL10,SDC4,CXCL10_SDC4
520,CXCL11,ACKR3,CXCL11_ACKR3
521,CXCL11,CCR3,CXCL11_CCR3
522,CXCL11,CXCR3,CXCL11_CXCR3
523,CXCL12,ACKR3,CXCL12_ACKR3
524,CXCL12,CD4,CXCL12_CD4
525,CXCL12,CXCR3,CXCL12_CXCR3
526,CXCL12,CXCR4,CXCL12_CXCR4
527,CXCL12,ITGB1,CXCL12_ITGB1
528,CXCL13,ACKR4,CXCL13_ACKR4
529,CXCL13,CCR10,CXCL13_CCR10
530,CXCL13,CXCR3,CXCL13_CXCR3
531,CXCL13,CXCR5,CXCL13_CXCR5
532,CXCL16,CXCR6,CXCL16_CXCR6
533,CXCL1,CXCR1,CXCL1_CXCR1
534,CXCL1,CXCR2,CXCL1_CXCR2
535,CXCL1,DARC,CXCL1_DARC
536,CXCL2,CXCR1,CXCL2_CXCR1
537,CXCL2,CXCR2,CXCL2_CXCR2
538,CXCL2,XCR1,CXCL2_XCR1
539,CXCL3,CXCR1,CXCL3_CXCR1
540,CXCL3,CXCR2,CXCL3_CXCR2
541,CXCL5,CXCR1,CXCL5_CXCR1
542,CXCL5,CXCR2,CXCL5_CXCR2
543,CXCL5,DARC,CXCL5_DARC
544,CXCL6,CXCR1,CXCL6_CXCR1
545,CXCL6,CXCR2,CXCL6_CXCR2
546,CXCL9,CCR3,CXCL9_CCR3
547,CXCL9,CXCR3,CXCL9_CXCR3
548,CYR61,ITGA5,CYR61_ITGA5
549,CYR61,ITGAM,CYR61_ITGAM
550,CYR61,ITGAV,CYR61_ITGAV
551,CYR61,ITGB2,CYR61_ITGB2
552,CYR61,ITGB3,CYR61_ITGB3
553,CYR61,ITGB5,CYR61_ITGB5
554,DCN,EGFR,DCN_EGFR
555,DCN,ERBB4,DCN_ERBB4
556,DCN,MET,DCN_MET
557,DEFB103A,CCR6,DEFB103A_CCR6
558,DEFB103B,CCR2,DEFB103B_CCR2
559,DEFB103B,CCR6,DEFB103B_CCR6
560,DEFB1,CCR6,DEFB1_CCR6
561,DEFB4A,CCR6,DEFB4A_CCR6
562,DEFB4A,TLR4,DEFB4A_TLR4
563,DEFB4B,CCR6,DEFB4B_CCR6
564,DHH,BOC,DHH_BOC
565,DHH,CDON,DHH_CDON
566,DHH,HHIP,DHH_HHIP
567,DHH,PTCH1,DHH_PTCH1
568,DHH,PTCH2,DHH_PTCH2
569,DKK1,KREMEN1,DKK1_KREMEN1
570,DKK1,KREMEN2,DKK1_KREMEN2
571,DKK1,LRP5,DKK1_LRP5
572,DKK1,LRP6,DKK1_LRP6
573,DKK2,KREMEN2,DKK2_KREMEN2
574,DKK2,LRP6,DKK2_LRP6
575,DLK1,NOTCH1,DLK1_NOTCH1
576,DLK2,NOTCH1,DLK2_NOTCH1
577,DLL1,NOTCH1,DLL1_NOTCH1
578,DLL1,NOTCH2,DLL1_NOTCH2
579,DLL1,NOTCH3,DLL1_NOTCH3
580,DLL4,NOTCH1,DLL4_NOTCH1
581,DLL4,NOTCH2,DLL4_NOTCH2
582,DLL4,NOTCH3,DLL4_NOTCH3
583,DLL4,NOTCH4,DLL4_NOTCH4
584,EBI3,IL27RA,EBI3_IL27RA
585,EDA,EDA2R,EDA_EDA2R
586,EDA,EDAR,EDA_EDAR
587,EDIL3,ITGAV,EDIL3_ITGAV
588,EDN1,EDNRA,EDN1_EDNRA
589,EDN1,EDNRB,EDN1_EDNRB
590,EDN1,KEL,EDN1_KEL
591,EDN2,EDNRA,EDN2_EDNRA
592,EDN2,EDNRB,EDN2_EDNRB
593,EDN2,KEL,EDN2_KEL
594,EDN3,EDNRA,EDN3_EDNRA
595,EDN3,EDNRB,EDN3_EDNRB
596,EDN3,KEL,EDN3_KEL
597,EFEMP1,EGFR,EFEMP1_EGFR
598,EFEMP2,AQP1,EFEMP2_AQP1
599,EFEMP2,CATSPER1,EFEMP2_CATSPER1
600,EFEMP2,LINGO1,EFEMP2_LINGO1
601,EFEMP2,PLSCR4,EFEMP2_PLSCR4
602,EFNA1,EPHA1,EFNA1_EPHA1
603,EFNA1,EPHA2,EFNA1_EPHA2
604,EFNA1,EPHA3,EFNA1_EPHA3
605,EFNA1,EPHA4,EFNA1_EPHA4
606,EFNA1,EPHA5,EFNA1_EPHA5
607,EFNA1,EPHA6,EFNA1_EPHA6
608,EFNA1,EPHA7,EFNA1_EPHA7
609,EFNA1,EPHA8,EFNA1_EPHA8
610,EFNA1,EPHB1,EFNA1_EPHB1
611,EFNA2,EPHA2,EFNA2_EPHA2
612,EFNA2,EPHA3,EFNA2_EPHA3
613,EFNA2,EPHA4,EFNA2_EPHA4
614,EFNA2,EPHA5,EFNA2_EPHA5
615,EFNA2,EPHA6,EFNA2_EPHA6
616,EFNA2,EPHA7,EFNA2_EPHA7
617,EFNA2,EPHA8,EFNA2_EPHA8
618,EFNA3,EPHA1,EFNA3_EPHA1
619,EFNA3,EPHA2,EFNA3_EPHA2
620,EFNA3,EPHA3,EFNA3_EPHA3
621,EFNA3,EPHA4,EFNA3_EPHA4
622,EFNA3,EPHA5,EFNA3_EPHA5
623,EFNA3,EPHA6,EFNA3_EPHA6
624,EFNA3,EPHA7,EFNA3_EPHA7
625,EFNA3,EPHA8,EFNA3_EPHA8
626,EFNA3,EPHB1,EFNA3_EPHB1
627,EFNA4,EPHA2,EFNA4_EPHA2
628,EFNA4,EPHA3,EFNA4_EPHA3
629,EFNA4,EPHA4,EFNA4_EPHA4
630,EFNA4,EPHA5,EFNA4_EPHA5
631,EFNA4,EPHA6,EFNA4_EPHA6
632,EFNA4,EPHA7,EFNA4_EPHA7
633,EFNA4,EPHA8,EFNA4_EPHA8
634,EFNA5,EPHA2,EFNA5_EPHA2
635,EFNA5,EPHA3,EFNA5_EPHA3
636,EFNA5,EPHA4,EFNA5_EPHA4
637,EFNA5,EPHA5,EFNA5_EPHA5
638,EFNA5,EPHA6,EFNA5_EPHA6
639,EFNA5,EPHA7,EFNA5_EPHA7
640,EFNA5,EPHA8,EFNA5_EPHA8
641,EFNA5,EPHB1,EFNA5_EPHB1
642,EFNA5,EPHB2,EFNA5_EPHB2
643,EFNA5,EPHB6,EFNA5_EPHB6
644,EFNB1,EPHB1,EFNB1_EPHB1
645,EFNB1,EPHB2,EFNB1_EPHB2
646,EFNB1,EPHB3,EFNB1_EPHB3
647,EFNB1,EPHB4,EFNB1_EPHB4
648,EFNB1,EPHB6,EFNB1_EPHB6
649,EFNB1,ERBB2,EFNB1_ERBB2
650,EFNB2,EPHA3,EFNB2_EPHA3
651,EFNB2,EPHA4,EFNB2_EPHA4
652,EFNB2,EPHA6,EFNB2_EPHA6
653,EFNB2,EPHB1,EFNB2_EPHB1
654,EFNB2,EPHB2,EFNB2_EPHB2
655,EFNB2,EPHB3,EFNB2_EPHB3
656,EFNB2,EPHB4,EFNB2_EPHB4
657,EFNB2,EPHB6,EFNB2_EPHB6
658,EFNB2,GRM1,EFNB2_GRM1
659,EFNB2,GRM5,EFNB2_GRM5
660,EFNB2,PECAM1,EFNB2_PECAM1
661,EFNB2,RHBDL2,EFNB2_RHBDL2
662,EFNB3,EPHA4,EFNB3_EPHA4
663,EFNB3,EPHB2,EFNB3_EPHB2
664,EFNB3,EPHB3,EFNB3_EPHB3
665,EFNB3,EPHB4,EFNB3_EPHB4
666,EFNB3,RHBDL2,EFNB3_RHBDL2
667,EGF,EGFR,EGF_EGFR
668,EGF,ERBB2,EGF_ERBB2
669,EGF,ERBB3,EGF_ERBB3
670,EGF,ERBB4,EGF_ERBB4
671,EPGN,EGFR,EPGN_EGFR
672,EPO,EPOR,EPO_EPOR
673,EREG,EGFR,EREG_EGFR
674,EREG,ERBB4,EREG_ERBB4
675,F10,F3,F10_F3
676,F11,GP1BA,F11_GP1BA
677,F12,CD93,F12_CD93
678,F12,GP1BA,F12_GP1BA
679,F13A1,ITGA4,F13A1_ITGA4
680,F13A1,ITGA9,F13A1_ITGA9
681,F13A1,ITGB1,F13A1_ITGB1
682,F2,F2R,F2_F2R
683,F2,F2RL1,F2_F2RL1
684,F2,F2RL2,F2_F2RL2
685,F2,F2RL3,F2_F2RL3
686,F2,GP1BA,F2_GP1BA
687,F2,GP9,F2_GP9
688,F2,ITGA2B,F2_ITGA2B
689,F2,THBD,F2_THBD
690,F7,F3,F7_F3
691,F8,ASGR2,F8_ASGR2
692,F8,LDLR,F8_LDLR
693,F8,LRP1,F8_LRP1
694,F9,LRP1,F9_LRP1
695,FASLG,TNFRSF6B,FASLG_TNFRSF6B
696,FAT4,DCHS1,FAT4_DCHS1
697,FBLN1,ITGB1,FBLN1_ITGB1
698,FBLN2,ITGB3,FBLN2_ITGB3
699,FBN1,ITGA5,FBN1_ITGA5
700,FBN1,ITGAV,FBN1_ITGAV
701,FBN1,ITGB1,FBN1_ITGB1
702,FBN1,ITGB3,FBN1_ITGB3
703,FCN2,LRP1,FCN2_LRP1
704,FGA,CDH5,FGA_CDH5
705,FGA,ITGA2B,FGA_ITGA2B
706,FGA,ITGA5,FGA_ITGA5
707,FGA,ITGAM,FGA_ITGAM
708,FGA,ITGAV,FGA_ITGAV
709,FGA,ITGAX,FGA_ITGAX
710,FGA,ITGB1,FGA_ITGB1
711,FGA,ITGB2,FGA_ITGB2
712,FGA,ITGB3,FGA_ITGB3
713,FGB,ITGA2B,FGB_ITGA2B
714,FGB,ITGA5,FGB_ITGA5
715,FGB,ITGAM,FGB_ITGAM
716,FGB,ITGAV,FGB_ITGAV
717,FGB,ITGB1,FGB_ITGB1
718,FGB,ITGB2,FGB_ITGB2
719,FGF10,FGFR2,FGF10_FGFR2
720,FGF13,SCN5A,FGF13_SCN5A
721,FGF13,SCN8A,FGF13_SCN8A
722,FGF16,FGFR2,FGF16_FGFR2
723,FGF16,FGFR3,FGF16_FGFR3
724,FGF16,FGFR4,FGF16_FGFR4
725,FGF17,FGFR1,FGF17_FGFR1
726,FGF17,FGFR2,FGF17_FGFR2
727,FGF17,FGFR3,FGF17_FGFR3
728,FGF17,FGFR4,FGF17_FGFR4
729,FGF18,FGFR1,FGF18_FGFR1
730,FGF18,FGFR2,FGF18_FGFR2
731,FGF18,FGFR3,FGF18_FGFR3
732,FGF18,FGFR4,FGF18_FGFR4
733,FGF19,FGFR1,FGF19_FGFR1
734,FGF19,FGFR2,FGF19_FGFR2
735,FGF19,FGFR3,FGF19_FGFR3
736,FGF19,FGFR4,FGF19_FGFR4
737,FGF19,KLB,FGF19_KLB
738,FGF1,FGFR1,FGF1_FGFR1
739,FGF1,FGFR2,FGF1_FGFR2
740,FGF1,FGFR3,FGF1_FGFR3
741,FGF1,FGFR4,FGF1_FGFR4
742,FGF1,NRP1,FGF1_NRP1
743,FGF20,FGFR4,FGF20_FGFR4
744,FGF21,FGFR4,FGF21_FGFR4
745,FGF22,FGFR2,FGF22_FGFR2
746,FGF23,FGFR1,FGF23_FGFR1
747,FGF23,FGFR2,FGF23_FGFR2
748,FGF23,FGFR3,FGF23_FGFR3
749,FGF23,FGFR4,FGF23_FGFR4
750,FGF23,PHEX,FGF23_PHEX
751,FGF2,CD44,FGF2_CD44
752,FGF2,FGFR1,FGF2_FGFR1
753,FGF2,FGFR2,FGF2_FGFR2
754,FGF2,FGFR3,FGF2_FGFR3
755,FGF2,FGFR4,FGF2_FGFR4
756,FGF2,FGFRL1,FGF2_FGFRL1
757,FGF2,GPC4,FGF2_GPC4
758,FGF2,NRP1,FGF2_NRP1
759,FGF2,SDC1,FGF2_SDC1
760,FGF2,SDC2,FGF2_SDC2
761,FGF2,SDC3,FGF2_SDC3
762,FGF2,SDC4,FGF2_SDC4
763,FGF3,FGFR1,FGF3_FGFR1
764,FGF3,FGFR2,FGF3_FGFR2
765,FGF3,FGFR3,FGF3_FGFR3
766,FGF3,FGFR4,FGF3_FGFR4
767,FGF4,FGFR1,FGF4_FGFR1
768,FGF4,FGFR2,FGF4_FGFR2
769,FGF4,FGFR3,FGF4_FGFR3
770,FGF4,FGFR4,FGF4_FGFR4
771,FGF4,NRP1,FGF4_NRP1
772,FGF5,FGFR1,FGF5_FGFR1
773,FGF5,FGFR2,FGF5_FGFR2
774,FGF5,FGFR3,FGF5_FGFR3
775,FGF5,FGFR4,FGF5_FGFR4
776,FGF6,FGFR1,FGF6_FGFR1
777,FGF6,FGFR2,FGF6_FGFR2
778,FGF6,FGFR3,FGF6_FGFR3
779,FGF6,FGFR4,FGF6_FGFR4
780,FGF7,FGFR1,FGF7_FGFR1
781,FGF7,FGFR2,FGF7_FGFR2
782,FGF7,FGFR3,FGF7_FGFR3
783,FGF7,FGFR4,FGF7_FGFR4
784,FGF7,NRP1,FGF7_NRP1
785,FGF8,FGFR1,FGF8_FGFR1
786,FGF8,FGFR2,FGF8_FGFR2
787,FGF8,FGFR3,FGF8_FGFR3
788,FGF8,FGFR4,FGF8_FGFR4
789,FGF9,FGFR1,FGF9_FGFR1
790,FGF9,FGFR2,FGF9_FGFR2
791,FGF9,FGFR3,FGF9_FGFR3
792,FGF9,FGFR4,FGF9_FGFR4
793,FGG,ITGA2B,FGG_ITGA2B
794,FGG,ITGA5,FGG_ITGA5
795,FGG,ITGAV,FGG_ITGAV
796,FGG,ITGB1,FGG_ITGB1
797,FGG,ITGB2,FGG_ITGB2
798,FGL1,EGFR,FGL1_EGFR
799,FIGF,FLT4,FIGF_FLT4
800,FIGF,ITGA9,FIGF_ITGA9
801,FIGF,KDR,FIGF_KDR
802,FIGF,NRP2,FIGF_NRP2
803,FLT3LG,FLT3,FLT3LG_FLT3
804,FN1,CD44,FN1_CD44
805,FN1,COL13A1,FN1_COL13A1
806,FN1,ITGA2,FN1_ITGA2
807,FN1,ITGA2B,FN1_ITGA2B
808,FN1,ITGA3,FN1_ITGA3
809,FN1,ITGA4,FN1_ITGA4
810,FN1,ITGA5,FN1_ITGA5
811,FN1,ITGA8,FN1_ITGA8
812,FN1,ITGA9,FN1_ITGA9
813,FN1,ITGAV,FN1_ITGAV
814,FN1,ITGB1,FN1_ITGB1
815,FN1,ITGB3,FN1_ITGB3
816,FN1,ITGB6,FN1_ITGB6
817,FN1,ITGB7,FN1_ITGB7
818,FN1,ITGB8,FN1_ITGB8
819,FN1,MAG,FN1_MAG
820,FN1,NT5E,FN1_NT5E
821,FN1,PLAUR,FN1_PLAUR
822,FN1,SDC2,FN1_SDC2
823,FN1,TMPRSS6,FN1_TMPRSS6
824,FN1,TNFRSF11B,FN1_TNFRSF11B
825,FN1,TSHR,FN1_TSHR
826,FSHB,FSHR,FSHB_FSHR
827,GALP,GALR1,GALP_GALR1
828,GALP,GALR2,GALP_GALR2
829,GALP,GALR3,GALP_GALR3
830,GAL,GALR1,GAL_GALR1
831,GAL,GALR2,GAL_GALR2
832,GAL,GALR3,GAL_GALR3
833,GAL,GPR151,GAL_GPR151
834,GAS6,AXL,GAS6_AXL
835,GAS6,MERTK,GAS6_MERTK
836,GAS6,TYRO3,GAS6_TYRO3
837,GAST,CCKBR,GAST_CCKBR
838,GCG,GCGR,GCG_GCGR
839,GCG,GLP1R,GCG_GLP1R
840,GCG,GLP2R,GCG_GLP2R
841,GDF11,ACVR1B,GDF11_ACVR1B
842,GDF11,ACVR2A,GDF11_ACVR2A
843,GDF11,ACVR2B,GDF11_ACVR2B
844,GDF2,ACVR1,GDF2_ACVR1
845,GDF2,ACVR2A,GDF2_ACVR2A
846,GDF2,ACVR2B,GDF2_ACVR2B
847,GDF2,ACVRL1,GDF2_ACVRL1
848,GDF2,BMPR2,GDF2_BMPR2
849,GDF2,ENG,GDF2_ENG
850,GDF5,ACVR1,GDF5_ACVR1
851,GDF5,ACVR2A,GDF5_ACVR2A
852,GDF5,ACVR2B,GDF5_ACVR2B
853,GDF5,BMPR1A,GDF5_BMPR1A
854,GDF5,BMPR1B,GDF5_BMPR1B
855,GDF5,BMPR2,GDF5_BMPR2
856,GDF5,ROR2,GDF5_ROR2
857,GDF6,BMPR1A,GDF6_BMPR1A
858,GDF6,BMPR1B,GDF6_BMPR1B
859,GDF6,BMPR2,GDF6_BMPR2
860,GDF7,ACVR2A,GDF7_ACVR2A
861,GDF7,BMPR1A,GDF7_BMPR1A
862,GDF7,BMPR2,GDF7_BMPR2
863,GDF9,ACVR2A,GDF9_ACVR2A
864,GDF9,BMPR1A,GDF9_BMPR1A
865,GDF9,BMPR1B,GDF9_BMPR1B
866,GDF9,BMPR2,GDF9_BMPR2
867,GDF9,FXYD6,GDF9_FXYD6
868,GDF9,ORAI2,GDF9_ORAI2
869,GDF9,TGFBR1,GDF9_TGFBR1
870,GDNF,GFRA1,GDNF_GFRA1
871,GDNF,GFRA2,GDNF_GFRA2
872,GDNF,RET,GDNF_RET
873,GH1,GHR,GH1_GHR
874,GH1,PRLR,GH1_PRLR
875,GH2,GHR,GH2_GHR
876,GHRH,GHRHR,GHRH_GHRHR
877,GHRH,VIPR1,GHRH_VIPR1
878,GHRL,GHRHR,GHRL_GHRHR
879,GHRL,GHSR,GHRL_GHSR
880,GHRL,GPR39,GHRL_GPR39
881,GHRL,MLNR,GHRL_MLNR
882,GIP,DPP4,GIP_DPP4
883,GIP,GIPR,GIP_GIPR
884,GNAI2,ADCY1,GNAI2_ADCY1
885,GNAI2,ADORA1,GNAI2_ADORA1
886,GNAI2,ADRA2A,GNAI2_ADRA2A
887,GNAI2,ADRA2B,GNAI2_ADRA2B
888,GNAI2,AGTR2,GNAI2_AGTR2
889,GNAI2,C5AR1,GNAI2_C5AR1
890,GNAI2,CAV1,GNAI2_CAV1
891,GNAI2,CCR5,GNAI2_CCR5
892,GNAI2,CHRM1,GNAI2_CHRM1
893,GNAI2,CNR1,GNAI2_CNR1
894,GNAI2,CXCR1,GNAI2_CXCR1
895,GNAI2,CXCR2,GNAI2_CXCR2
896,GNAI2,DRD2,GNAI2_DRD2
897,GNAI2,EDNRA,GNAI2_EDNRA
898,GNAI2,EGFR,GNAI2_EGFR
899,GNAI2,F2R,GNAI2_F2R
900,GNAI2,FPR1,GNAI2_FPR1
901,GNAI2,IGF1R,GNAI2_IGF1R
902,GNAI2,LHCGR,GNAI2_LHCGR
903,GNAI2,LPAR3,GNAI2_LPAR3
904,GNAI2,MTNR1A,GNAI2_MTNR1A
905,GNAI2,MTNR1B,GNAI2_MTNR1B
906,GNAI2,OPRD1,GNAI2_OPRD1
907,GNAI2,OPRM1,GNAI2_OPRM1
908,GNAI2,P2RY12,GNAI2_P2RY12
909,GNAI2,PTPRU,GNAI2_PTPRU
910,GNAI2,TBXA2R,GNAI2_TBXA2R
911,GNAI2,TSHR,GNAI2_TSHR
912,GNAS,ADORA1,GNAS_ADORA1
913,GNAS,ADRB3,GNAS_ADRB3
914,GNAS,AVPR2,GNAS_AVPR2
915,GNAS,CRHR1,GNAS_CRHR1
916,GNAS,GCGR,GNAS_GCGR
917,GNAS,HTR6,GNAS_HTR6
918,GNAS,LHCGR,GNAS_LHCGR
919,GNAS,PTGDR,GNAS_PTGDR
920,GNAS,PTGIR,GNAS_PTGIR
921,GNAS,TSHR,GNAS_TSHR
922,GNAS,VIPR1,GNAS_VIPR1
923,GNB3,TGFBR1,GNB3_TGFBR1
924,GNRH1,GNRHR,GNRH1_GNRHR
925,GNRH2,GNRHR,GNRH2_GNRHR
926,GPC3,CD81,GPC3_CD81
927,GPC3,IGF1R,GPC3_IGF1R
928,GPHA2,TSHR,GPHA2_TSHR
929,GPI,AMFR,GPI_AMFR
930,GRP,BRS3,GRP_BRS3
931,GRP,GRPR,GRP_GRPR
932,GRP,NMBR,GRP_NMBR
933,GSTP1,TRAF2,GSTP1_TRAF2
934,GUCA2A,GUCY2C,GUCA2A_GUCY2C
935,GUCA2B,GUCY2C,GUCA2B_GUCY2C
936,GUCA2B,GUCY2D,GUCA2B_GUCY2D
937,GZMB,CHRM3,GZMB_CHRM3
938,GZMB,IGF2R,GZMB_IGF2R
939,HAS2,CD44,HAS2_CD44
940,HAS2,HMMR,HAS2_HMMR
941,HBEGF,CD44,HBEGF_CD44
942,HBEGF,CD82,HBEGF_CD82
943,HBEGF,CD9,HBEGF_CD9
944,HBEGF,EGFR,HBEGF_EGFR
945,HBEGF,ERBB2,HBEGF_ERBB2
946,HBEGF,ERBB4,HBEGF_ERBB4
947,HCRT,HCRTR1,HCRT_HCRTR1
948,HCRT,HCRTR2,HCRT_HCRTR2
949,HCRT,NPFFR2,HCRT_NPFFR2
950,HEBP1,FPR3,HEBP1_FPR3
951,HGF,CD44,HGF_CD44
952,HGF,MET,HGF_MET
953,HGF,SDC1,HGF_SDC1
954,HGF,SDC2,HGF_SDC2
955,HGF,ST14,HGF_ST14
956,HLA-A,APLP2,HLA-A_APLP2
957,HLA-A,ERBB2,HLA-A_ERBB2
958,HLA-A,KIR3DL1,HLA-A_KIR3DL1
959,HLA-A,KIR3DL2,HLA-A_KIR3DL2
960,HLA-A,LILRB1,HLA-A_LILRB1
961,HLA-A,LILRB2,HLA-A_LILRB2
962,HLA-B,CANX,HLA-B_CANX
963,HLA-B,KIR3DL1,HLA-B_KIR3DL1
964,HLA-B,KLRD1,HLA-B_KLRD1
965,HLA-B,LILRB1,HLA-B_LILRB1
966,HLA-B,LILRB2,HLA-B_LILRB2
967,HLA-C,KIR2DL1,HLA-C_KIR2DL1
968,HLA-C,KIR2DL3,HLA-C_KIR2DL3
969,HLA-C,KIR2DS4,HLA-C_KIR2DS4
970,HLA-C,LILRA3,HLA-C_LILRA3
971,HLA-C,LILRB1,HLA-C_LILRB1
972,HLA-C,LILRB2,HLA-C_LILRB2
973,HLA-E,KLRC1,HLA-E_KLRC1
974,HLA-E,KLRC2,HLA-E_KLRC2
975,HLA-E,KLRD1,HLA-E_KLRD1
976,HLA-G,KIR2DL4,HLA-G_KIR2DL4
977,HLA-G,KLRC1,HLA-G_KLRC1
978,HLA-G,KLRD1,HLA-G_KLRD1
979,HLA-G,LILRB1,HLA-G_LILRB1
980,HLA-G,LILRB2,HLA-G_LILRB2
981,HMGB1,SDC1,HMGB1_SDC1
982,HMGB1,THBD,HMGB1_THBD
983,HP,ITGAM,HP_ITGAM
984,HP,ITGB2,HP_ITGB2
985,HRAS,AGTR1,HRAS_AGTR1
986,HRAS,CAV1,HRAS_CAV1
987,HRAS,GRIN2D,HRAS_GRIN2D
988,HRAS,INSR,HRAS_INSR
989,HRAS,TLR2,HRAS_TLR2
990,HRAS,TLR9,HRAS_TLR9
991,HRG,FCGR1A,HRG_FCGR1A
992,HSP90AA1,CFTR,HSP90AA1_CFTR
993,HSP90AA1,EGFR,HSP90AA1_EGFR
994,HSP90AA1,FGFR3,HSP90AA1_FGFR3
995,HSPG2,COL13A1,HSPG2_COL13A1
996,HSPG2,ITGA2,HSPG2_ITGA2
997,HSPG2,ITGB1,HSPG2_ITGB1
998,HSPG2,PTPRS,HSPG2_PTPRS
999,IAPP,CALCR,IAPP_CALCR
1000,IAPP,RAMP1,IAPP_RAMP1
1001,IAPP,RAMP2,IAPP_RAMP2
1002,ICAM1,EGFR,ICAM1_EGFR
1003,ICAM1,IL2RA,ICAM1_IL2RA
1004,ICAM1,IL2RG,ICAM1_IL2RG
1005,ICAM1,ITGAL,ICAM1_ITGAL
1006,ICAM1,ITGAM,ICAM1_ITGAM
1007,ICAM1,ITGAX,ICAM1_ITGAX
1008,ICAM1,ITGB2,ICAM1_ITGB2
1009,ICAM2,ITGAL,ICAM2_ITGAL
1010,ICAM2,ITGAM,ICAM2_ITGAM
1011,ICAM2,ITGB2,ICAM2_ITGB2
1012,ICAM3,CLEC4M,ICAM3_CLEC4M
1013,ICAM3,ITGAD,ICAM3_ITGAD
1014,ICAM3,ITGAL,ICAM3_ITGAL
1015,ICAM3,ITGB2,ICAM3_ITGB2
1016,ICAM4,ITGA2B,ICAM4_ITGA2B
1017,ICAM4,ITGA4,ICAM4_ITGA4
1018,ICAM4,ITGAL,ICAM4_ITGAL
1019,ICAM4,ITGAM,ICAM4_ITGAM
1020,ICAM4,ITGAV,ICAM4_ITGAV
1021,ICAM4,ITGB1,ICAM4_ITGB1
1022,ICAM4,ITGB2,ICAM4_ITGB2
1023,ICAM4,ITGB3,ICAM4_ITGB3
1024,ICAM4,RHAG,ICAM4_RHAG
1025,ICAM5,ITGAL,ICAM5_ITGAL
1026,ICAM5,ITGB2,ICAM5_ITGB2
1027,IFNA10,IFNAR1,IFNA10_IFNAR1
1028,IFNA10,IFNAR2,IFNA10_IFNAR2
1029,IFNA13,IFNAR1,IFNA13_IFNAR1
1030,IFNA13,IFNAR2,IFNA13_IFNAR2
1031,IFNA14,IFNAR1,IFNA14_IFNAR1
1032,IFNA14,IFNAR2,IFNA14_IFNAR2
1033,IFNA16,IFNAR1,IFNA16_IFNAR1
1034,IFNA16,IFNAR2,IFNA16_IFNAR2
1035,IFNA17,IFNAR1,IFNA17_IFNAR1
1036,IFNA17,IFNAR2,IFNA17_IFNAR2
1037,IFNA1,IFNAR1,IFNA1_IFNAR1
1038,IFNA1,IFNAR2,IFNA1_IFNAR2
1039,IFNA21,IFNAR1,IFNA21_IFNAR1
1040,IFNA21,IFNAR2,IFNA21_IFNAR2
1041,IFNA2,IFNAR1,IFNA2_IFNAR1
1042,IFNA2,IFNAR2,IFNA2_IFNAR2
1043,IFNA4,IFNAR1,IFNA4_IFNAR1
1044,IFNA4,IFNAR2,IFNA4_IFNAR2
1045,IFNA5,IFNAR1,IFNA5_IFNAR1
1046,IFNA5,IFNAR2,IFNA5_IFNAR2
1047,IFNA6,IFNAR1,IFNA6_IFNAR1
1048,IFNA6,IFNAR2,IFNA6_IFNAR2
1049,IFNA7,IFNAR1,IFNA7_IFNAR1
1050,IFNA7,IFNAR2,IFNA7_IFNAR2
1051,IFNA8,IFNAR1,IFNA8_IFNAR1
1052,IFNA8,IFNAR2,IFNA8_IFNAR2
1053,IFNB1,IFNAR1,IFNB1_IFNAR1
1054,IFNB1,IFNAR2,IFNB1_IFNAR2
1055,IFNG,IFNGR1,IFNG_IFNGR1
1056,IFNG,IFNGR2,IFNG_IFNGR2
1057,IFNL1,IFNLR1,IFNL1_IFNLR1
1058,IFNL1,IL10RB,IFNL1_IL10RB
1059,IFNL2,IFNLR1,IFNL2_IFNLR1
1060,IFNL2,IL10RB,IFNL2_IL10RB
1061,IFNL3,IFNLR1,IFNL3_IFNLR1
1062,IFNL3,IL10RB,IFNL3_IL10RB
1063,IFNW1,IFNAR1,IFNW1_IFNAR1
1064,IFNW1,IFNAR2,IFNW1_IFNAR2
1065,IGF1,IGF1R,IGF1_IGF1R
1066,IGF2,IGF1R,IGF2_IGF1R
1067,IGF2,IGF2R,IGF2_IGF2R
1068,IGF2,INSR,IGF2_INSR
1069,IGFBP4,FZD8,IGFBP4_FZD8
1070,IGFBP4,LRP6,IGFBP4_LRP6
1071,IGFL1,IGFLR1,IGFL1_IGFLR1
1072,IGFL2,IGFLR1,IGFL2_IGFLR1
1073,IGFL3,IGFLR1,IGFL3_IGFLR1
1074,IHH,BOC,IHH_BOC
1075,IHH,CDON,IHH_CDON
1076,IHH,HHIP,IHH_HHIP
1077,IHH,PTCH1,IHH_PTCH1
1078,IHH,PTCH2,IHH_PTCH2
1079,IL10,IL10RA,IL10_IL10RA
1080,IL10,IL10RB,IL10_IL10RB
1081,IL11,IL11RA,IL11_IL11RA
1082,IL11,IL6ST,IL11_IL6ST
1083,IL12A,CD28,IL12A_CD28
1084,IL12A,IL12RB1,IL12A_IL12RB1
1085,IL12A,IL12RB2,IL12A_IL12RB2
1086,IL12B,IL12RB1,IL12B_IL12RB1
1087,IL12B,IL12RB2,IL12B_IL12RB2
1088,IL12B,IL23R,IL12B_IL23R
1089,IL13,IL13RA1,IL13_IL13RA1
1090,IL13,IL13RA2,IL13_IL13RA2
1091,IL13,IL2RG,IL13_IL2RG
1092,IL13,IL4R,IL13_IL4R
1093,IL15,IL15RA,IL15_IL15RA
1094,IL15,IL2RA,IL15_IL2RA
1095,IL15,IL2RB,IL15_IL2RB
1096,IL15,IL2RG,IL15_IL2RG
1097,IL16,CD4,IL16_CD4
1098,IL16,GRIN2C,IL16_GRIN2C
1099,IL16,GRIN2D,IL16_GRIN2D
1100,IL16,KCNA3,IL16_KCNA3
1101,IL16,KCND1,IL16_KCND1
1102,IL16,KCND2,IL16_KCND2
1103,IL16,KCNJ10,IL16_KCNJ10
1104,IL16,KCNJ15,IL16_KCNJ15
1105,IL16,KCNJ4,IL16_KCNJ4
1106,IL17A,IL17RA,IL17A_IL17RA
1107,IL17A,IL17RC,IL17A_IL17RC
1108,IL17B,IL17RB,IL17B_IL17RB
1109,IL17F,IL17RA,IL17F_IL17RA
1110,IL18,IL18R1,IL18_IL18R1
1111,IL18,IL18RAP,IL18_IL18RAP
1112,IL18,IL1RAPL1,IL18_IL1RAPL1
1113,IL18,IL1RL2,IL18_IL1RL2
1114,IL19,IL20RA,IL19_IL20RA
1115,IL19,IL20RB,IL19_IL20RB
1116,IL1A,IL1R1,IL1A_IL1R1
1117,IL1A,IL1R2,IL1A_IL1R2
1118,IL1A,IL1RAP,IL1A_IL1RAP
1119,IL1B,ADRB2,IL1B_ADRB2
1120,IL1B,IL1R1,IL1B_IL1R1
1121,IL1B,IL1R2,IL1B_IL1R2
1122,IL1B,IL1RAP,IL1B_IL1RAP
1123,IL1F10,IL1R1,IL1F10_IL1R1
1124,IL1RN,IL1R1,IL1RN_IL1R1
1125,IL1RN,IL1R2,IL1RN_IL1R2
1126,IL20,IL20RA,IL20_IL20RA
1127,IL20,IL20RB,IL20_IL20RB
1128,IL20,IL22RA1,IL20_IL22RA1
1129,IL21,IL21R,IL21_IL21R
1130,IL21,IL2RG,IL21_IL2RG
1131,IL22,IL10RA,IL22_IL10RA
1132,IL22,IL10RB,IL22_IL10RB
1133,IL22,IL22RA1,IL22_IL22RA1
1134,IL22,IL22RA2,IL22_IL22RA2
1135,IL23A,IL12RB1,IL23A_IL12RB1
1136,IL23A,IL23R,IL23A_IL23R
1137,IL24,IL20RA,IL24_IL20RA
1138,IL24,IL20RB,IL24_IL20RB
1139,IL24,IL22RA1,IL24_IL22RA1
1140,IL25,IL17RB,IL25_IL17RB
1141,IL27,IL27RA,IL27_IL27RA
1142,IL2,CD53,IL2_CD53
1143,IL2,IL2RA,IL2_IL2RA
1144,IL2,IL2RB,IL2_IL2RB
1145,IL2,IL2RG,IL2_IL2RG
1146,IL2,NGFR,IL2_NGFR
1147,IL31,IL31RA,IL31_IL31RA
1148,IL31,OSMR,IL31_OSMR
1149,IL33,IL1RL1,IL33_IL1RL1
1150,IL34,CSF1R,IL34_CSF1R
1151,IL3,CSF2RB,IL3_CSF2RB
1152,IL3,IL3RA,IL3_IL3RA
1153,IL4,CD53,IL4_CD53
1154,IL4,IL13RA1,IL4_IL13RA1
1155,IL4,IL13RA2,IL4_IL13RA2
1156,IL4,IL2RG,IL4_IL2RG
1157,IL4,IL4R,IL4_IL4R
1158,IL5,CSF2RB,IL5_CSF2RB
1159,IL5,IL5RA,IL5_IL5RA
1160,IL6,IL6R,IL6_IL6R
1161,IL6,IL6ST,IL6_IL6ST
1162,IL7,IL2RG,IL7_IL2RG
1163,IL7,IL7R,IL7_IL7R
1164,IL8,CXCR1,IL8_CXCR1
1165,IL8,CXCR2,IL8_CXCR2
1166,IL8,DARC,IL8_DARC
1167,IL8,SDC1,IL8_SDC1
1168,IL8,SDC2,IL8_SDC2
1169,IL9,IL2RG,IL9_IL2RG
1170,IL9,IL9R,IL9_IL9R
1171,INHA,ACVR2A,INHA_ACVR2A
1172,INHA,TGFBR3,INHA_TGFBR3
1173,INHBA,ACVR1,INHBA_ACVR1
1174,INHBA,ACVR1B,INHBA_ACVR1B
1175,INHBA,ACVR2A,INHBA_ACVR2A
1176,INHBA,ACVR2B,INHBA_ACVR2B
1177,INHBA,BAMBI,INHBA_BAMBI
1178,INHBA,ENG,INHBA_ENG
1179,INHBA,TGFBR3,INHBA_TGFBR3
1180,INHBB,ACVR1,INHBB_ACVR1
1181,INHBB,ACVR1B,INHBB_ACVR1B
1182,INHBB,ACVR1C,INHBB_ACVR1C
1183,INHBB,ACVR2A,INHBB_ACVR2A
1184,INHBB,ACVR2B,INHBB_ACVR2B
1185,INHBC,ACVR1,INHBC_ACVR1
1186,INHBC,ACVR1B,INHBC_ACVR1B
1187,INHBC,ACVR2A,INHBC_ACVR2A
1188,INHBC,ACVR2B,INHBC_ACVR2B
1189,INSL3,RXFP2,INSL3_RXFP2
1190,INSL5,RXFP3,INSL5_RXFP3
1191,INSL5,RXFP4,INSL5_RXFP4
1192,INS,IGF1R,INS_IGF1R
1193,INS,INSR,INS_INSR
1194,INS,LRP2,INS_LRP2
1195,ITGB3BP,ITGB3,ITGB3BP_ITGB3
1196,ITGB3BP,ITGB5,ITGB3BP_ITGB5
1197,ITIH2,FCER1A,ITIH2_FCER1A
1198,JAG1,NOTCH1,JAG1_NOTCH1
1199,JAG1,NOTCH2,JAG1_NOTCH2
1200,JAG1,NOTCH3,JAG1_NOTCH3
1201,JAG1,NOTCH4,JAG1_NOTCH4
1202,JAG2,NOTCH1,JAG2_NOTCH1
1203,JAG2,NOTCH2,JAG2_NOTCH2
1204,JAG2,NOTCH3,JAG2_NOTCH3
1205,KAL1,FGFR1,KAL1_FGFR1
1206,KAL1,SDC2,KAL1_SDC2
1207,KISS1,KISS1R,KISS1_KISS1R
1208,KISS1,MMP24,KISS1_MMP24
1209,KITLG,EPOR,KITLG_EPOR
1210,KITLG,KIT,KITLG_KIT
1211,KLK3,EPOR,KLK3_EPOR
1212,KNG1,BDKRB1,KNG1_BDKRB1
1213,KNG1,BDKRB2,KNG1_BDKRB2
1214,KNG1,CD93,KNG1_CD93
1215,KNG1,GP1BA,KNG1_GP1BA
1216,KNG1,GPR135,KNG1_GPR135
1217,KNG1,ITGB2,KNG1_ITGB2
1218,KNG1,PLAUR,KNG1_PLAUR
1219,KNG1,RXFP4,KNG1_RXFP4
1220,KRTAP4-12,AQP1,KRTAP4-12_AQP1
1221,KRTAP4-12,CATSPER1,KRTAP4-12_CATSPER1
1222,KRTAP4-12,CLDN2,KRTAP4-12_CLDN2
1223,KRTAP4-12,CNTFR,KRTAP4-12_CNTFR
1224,KRTAP4-12,LINGO1,KRTAP4-12_LINGO1
1225,KRTAP4-12,PDGFRB,KRTAP4-12_PDGFRB
1226,KRTAP4-12,PLSCR4,KRTAP4-12_PLSCR4
1227,L1CAM,CNTN1,L1CAM_CNTN1
1228,L1CAM,EGFR,L1CAM_EGFR
1229,L1CAM,ERBB2,L1CAM_ERBB2
1230,L1CAM,ERBB3,L1CAM_ERBB3
1231,L1CAM,ITGA5,L1CAM_ITGA5
1232,L1CAM,ITGAV,L1CAM_ITGAV
1233,LACRT,SDC1,LACRT_SDC1
1234,LAMA1,ITGA1,LAMA1_ITGA1
1235,LAMA1,ITGA2,LAMA1_ITGA2
1236,LAMA1,ITGA7,LAMA1_ITGA7
1237,LAMA1,ITGB1,LAMA1_ITGB1
1238,LAMA1,ITGB8,LAMA1_ITGB8
1239,LAMA1,NT5E,LAMA1_NT5E
1240,LAMA1,RPSA,LAMA1_RPSA
1241,LAMA1,TMPRSS6,LAMA1_TMPRSS6
1242,LAMA2,ITGA7,LAMA2_ITGA7
1243,LAMA2,ITGB1,LAMA2_ITGB1
1244,LAMA2,RPSA,LAMA2_RPSA
1245,LAMA3,SDC2,LAMA3_SDC2
1246,LAMA5,BCAM,LAMA5_BCAM
1247,LAMB1,ITGA6,LAMB1_ITGA6
1248,LAMB1,ITGB1,LAMB1_ITGB1
1249,LAMB2,RPSA,LAMB2_RPSA
1250,LAMC2,ITGA3,LAMC2_ITGA3
1251,LAMC2,ITGA6,LAMC2_ITGA6
1252,LAMC2,ITGB1,LAMC2_ITGB1
1253,LAMC2,ITGB4,LAMC2_ITGB4
1254,LCN1,LMBR1L,LCN1_LMBR1L
1255,LCN2,LRP2,LCN2_LRP2
1256,LEFTY2,ACVR2B,LEFTY2_ACVR2B
1257,LEP,LEPR,LEP_LEPR
1258,LGALS3BP,ITGB1,LGALS3BP_ITGB1
1259,LHB,LHCGR,LHB_LHCGR
1260,LIF,IL6ST,LIF_IL6ST
1261,LIF,LIFR,LIF_LIFR
1262,LIN7C,ABCA1,LIN7C_ABCA1
1263,LIN7C,HTR2C,LIN7C_HTR2C
1264,LIPC,LRP1,LIPC_LRP1
1265,LIPH,LPAR1,LIPH_LPAR1
1266,LIPH,LPAR2,LIPH_LPAR2
1267,LIPH,LPAR4,LIPH_LPAR4
1268,LPA,LRP2,LPA_LRP2
1269,LPL,GPIHBP1,LPL_GPIHBP1
1270,LPL,LRP1,LPL_LRP1
1271,LPL,LRP2,LPL_LRP2
1272,LPL,SDC1,LPL_SDC1
1273,LPL,VLDLR,LPL_VLDLR
1274,LRP1B,PLAUR,LRP1B_PLAUR
1275,LRPAP1,LDLR,LRPAP1_LDLR
1276,LRPAP1,LRP1,LRPAP1_LRP1
1277,LRPAP1,LRP2,LRPAP1_LRP2
1278,LRPAP1,LRP8,LRPAP1_LRP8
1279,LRPAP1,SORL1,LRPAP1_SORL1
1280,LRPAP1,SORT1,LRPAP1_SORT1
1281,LRPAP1,VLDLR,LRPAP1_VLDLR
1282,LTA,LTBR,LTA_LTBR
1283,LTA,TNFRSF14,LTA_TNFRSF14
1284,LTA,TNFRSF1B,LTA_TNFRSF1B
1285,LTBP1,ITGB5,LTBP1_ITGB5
1286,LTBP3,ITGB5,LTBP3_ITGB5
1287,LTB,CD40,LTB_CD40
1288,LTB,LTBR,LTB_LTBR
1289,LTB,TNFRSF1A,LTB_TNFRSF1A
1290,LTF,LRP1,LTF_LRP1
1291,LTF,LRP11,LTF_LRP11
1292,LY86,CD180,LY86_CD180
1293,MADCAM1,CD44,MADCAM1_CD44
1294,MADCAM1,ITGA4,MADCAM1_ITGA4
1295,MADCAM1,ITGB7,MADCAM1_ITGB7
1296,MATN1,ITGA1,MATN1_ITGA1
1297,MATN1,ITGB1,MATN1_ITGB1
1298,MBL2,CALCR,MBL2_CALCR
1299,MBL2,CD93,MBL2_CD93
1300,MDK,ALK,MDK_ALK
1301,MDK,LRP1,MDK_LRP1
1302,MDK,LRP2,MDK_LRP2
1303,MDK,PTPRZ1,MDK_PTPRZ1
1304,MDK,SDC1,MDK_SDC1
1305,MDK,SDC3,MDK_SDC3
1306,MDK,SDC4,MDK_SDC4
1307,MDK,TSPAN1,MDK_TSPAN1
1308,MEPE,PHEX,MEPE_PHEX
1309,MFAP2,NOTCH1,MFAP2_NOTCH1
1310,MFAP5,NOTCH1,MFAP5_NOTCH1
1311,MFGE8,ITGAV,MFGE8_ITGAV
1312,MFGE8,ITGB3,MFGE8_ITGB3
1313,MFGE8,PDGFRB,MFGE8_PDGFRB
1314,MFNG,NOTCH1,MFNG_NOTCH1
1315,MFNG,NOTCH2,MFNG_NOTCH2
1316,MIA,CDH7,MIA_CDH7
1317,MLLT4,EPHA7,MLLT4_EPHA7
1318,MLLT4,EPHB2,MLLT4_EPHB2
1319,MLLT4,EPHB3,MLLT4_EPHB3
1320,MLLT4,EPHB6,MLLT4_EPHB6
1321,MLLT4,F11R,MLLT4_F11R
1322,MLLT4,NRXN2,MLLT4_NRXN2
1323,MLLT4,NRXN3,MLLT4_NRXN3
1324,MLLT4,PVRL1,MLLT4_PVRL1
1325,MLLT4,PVRL2,MLLT4_PVRL2
1326,MLLT4,PVRL3,MLLT4_PVRL3
1327,MLLT4,PVRL4,MLLT4_PVRL4
1328,MLN,MLNR,MLN_MLNR
1329,MMP12,PLAUR,MMP12_PLAUR
1330,MMP13,LRP1,MMP13_LRP1
1331,MMP1,CD44,MMP1_CD44
1332,MMP1,ITGA2,MMP1_ITGA2
1333,MMP2,SDC2,MMP2_SDC2
1334,MMP7,CD151,MMP7_CD151
1335,MMP7,CD44,MMP7_CD44
1336,MMP7,ERBB4,MMP7_ERBB4
1337,MMP9,CD44,MMP9_CD44
1338,MMP9,EPHB2,MMP9_EPHB2
1339,MMP9,LRP1,MMP9_LRP1
1340,MST1,MST1R,MST1_MST1R
1341,MSTN,ACVR2B,MSTN_ACVR2B
1342,MUC2,AGR2,MUC2_AGR2
1343,MUC7,SELL,MUC7_SELL
1344,MYOC,FZD1,MYOC_FZD1
1345,MYOC,FZD10,MYOC_FZD10
1346,MYOC,FZD3,MYOC_FZD3
1347,MYOC,FZD4,MYOC_FZD4
1348,MYOC,FZD7,MYOC_FZD7
1349,NAMPT,INSR,NAMPT_INSR
1350,NCAM1,FGFR1,NCAM1_FGFR1
1351,NCAM1,GFRA1,NCAM1_GFRA1
1352,NCAM1,ROBO1,NCAM1_ROBO1
1353,NCAM1,ROBO3,NCAM1_ROBO3
1354,NDP,FZD4,NDP_FZD4
1355,NDP,LGR4,NDP_LGR4
1356,NGF,NGFR,NGF_NGFR
1357,NGF,NTRK1,NGF_NTRK1
1358,NGF,SORCS3,NGF_SORCS3
1359,NGF,SORT1,NGF_SORT1
1360,NID1,COL13A1,NID1_COL13A1
1361,NID1,ITGAV,NID1_ITGAV
1362,NID1,ITGB3,NID1_ITGB3
1363,NID1,PTPRF,NID1_PTPRF
1364,NID2,COL13A1,NID2_COL13A1
1365,NLGN1,NRXN1,NLGN1_NRXN1
1366,NLGN1,NRXN2,NLGN1_NRXN2
1367,NLGN1,NRXN3,NLGN1_NRXN3
1368,NLGN2,NRXN1,NLGN2_NRXN1
1369,NLGN2,NRXN2,NLGN2_NRXN2
1370,NLGN2,NRXN3,NLGN2_NRXN3
1371,NLGN3,NRXN1,NLGN3_NRXN1
1372,NLGN3,NRXN2,NLGN3_NRXN2
1373,NLGN3,NRXN3,NLGN3_NRXN3
1374,NMB,BRS3,NMB_BRS3
1375,NMB,GRPR,NMB_GRPR
1376,NMB,NMBR,NMB_NMBR
1377,NMS,NMUR1,NMS_NMUR1
1378,NMS,NMUR2,NMS_NMUR2
1379,NMU,NMUR1,NMU_NMUR1
1380,NMU,NMUR2,NMU_NMUR2
1381,NODAL,ACVR1B,NODAL_ACVR1B
1382,NODAL,ACVR1C,NODAL_ACVR1C
1383,NODAL,ACVR2A,NODAL_ACVR2A
1384,NODAL,ACVR2B,NODAL_ACVR2B
1385,NOV,NOTCH1,NOV_NOTCH1
1386,NPB,NPBWR1,NPB_NPBWR1
1387,NPB,NPBWR2,NPB_NPBWR2
1388,NPFF,NPFFR1,NPFF_NPFFR1
1389,NPFF,NPFFR2,NPFF_NPFFR2
1390,NPNT,ITGA8,NPNT_ITGA8
1391,NPNT,ITGB1,NPNT_ITGB1
1392,NPPA,NPR1,NPPA_NPR1
1393,NPPA,NPR3,NPPA_NPR3
1394,NPPB,NPR1,NPPB_NPR1
1395,NPPB,NPR2,NPPB_NPR2
1396,NPPB,NPR3,NPPB_NPR3
1397,NPPC,NPR2,NPPC_NPR2
1398,NPPC,NPR3,NPPC_NPR3
1399,NPS,NPSR1,NPS_NPSR1
1400,NPVF,NPFFR1,NPVF_NPFFR1
1401,NPVF,NPFFR2,NPVF_NPFFR2
1402,NPW,NPBWR1,NPW_NPBWR1
1403,NPW,NPBWR2,NPW_NPBWR2
1404,NPY,FAP,NPY_FAP
1405,NPY,MC4R,NPY_MC4R
1406,NPY,NPFFR2,NPY_NPFFR2
1407,NPY,NPY1R,NPY_NPY1R
1408,NPY,NPY2R,NPY_NPY2R
1409,NPY,NPY4R,NPY_NPY4R
1410,NPY,NPY5R,NPY_NPY5R
1411,NPY,PRLHR,NPY_PRLHR
1412,NRG1,ERBB2,NRG1_ERBB2
1413,NRG1,ERBB3,NRG1_ERBB3
1414,NRG1,ERBB4,NRG1_ERBB4
1415,NRG2,ERBB3,NRG2_ERBB3
1416,NRG2,ERBB4,NRG2_ERBB4
1417,NRG3,ERBB4,NRG3_ERBB4
1418,NRG4,ERBB4,NRG4_ERBB4
1419,NRTN,GFRA1,NRTN_GFRA1
1420,NRTN,GFRA2,NRTN_GFRA2
1421,NRTN,RET,NRTN_RET
1422,NTF3,NGFR,NTF3_NGFR
1423,NTF3,NTRK1,NTF3_NTRK1
1424,NTF3,NTRK2,NTF3_NTRK2
1425,NTF3,NTRK3,NTF3_NTRK3
1426,NTF4,NGFR,NTF4_NGFR
1427,NTF4,NGFRAP1,NTF4_NGFRAP1
1428,NTF4,NTRK1,NTF4_NTRK1
1429,NTF4,NTRK2,NTF4_NTRK2
1430,NTN1,ADORA2B,NTN1_ADORA2B
1431,NTN1,DCC,NTN1_DCC
1432,NTN1,NEO1,NTN1_NEO1
1433,NTN1,UNC5A,NTN1_UNC5A
1434,NTN1,UNC5B,NTN1_UNC5B
1435,NTN1,UNC5C,NTN1_UNC5C
1436,NTN1,UNC5D,NTN1_UNC5D
1437,NTN3,CDON,NTN3_CDON
1438,NTN3,NEO1,NTN3_NEO1
1439,NTN4,DCC,NTN4_DCC
1440,NTN4,UNC5A,NTN4_UNC5A
1441,NTNG1,LRRC4C,NTNG1_LRRC4C
1442,NTNG2,LRRC4,NTNG2_LRRC4
1443,NTS,NTSR1,NTS_NTSR1
1444,NTS,NTSR2,NTS_NTSR2
1445,NTS,SORT1,NTS_SORT1
1446,NXPH1,NRXN1,NXPH1_NRXN1
1447,NXPH1,NRXN2,NXPH1_NRXN2
1448,NXPH1,NRXN3,NXPH1_NRXN3
1449,NXPH2,NRXN1,NXPH2_NRXN1
1450,NXPH3,NRXN1,NXPH3_NRXN1
1451,NXPH3,NRXN2,NXPH3_NRXN2
1452,NXPH3,NRXN3,NXPH3_NRXN3
1453,OBP2A,OR1G1,OBP2A_OR1G1
1454,OLFM2,ROBO2,OLFM2_ROBO2
1455,OMG,LINGO1,OMG_LINGO1
1456,OMG,RTN4R,OMG_RTN4R
1457,OMG,RTN4RL1,OMG_RTN4RL1
1458,OMG,TNFRSF1B,OMG_TNFRSF1B
1459,ORM1,CCR5,ORM1_CCR5
1460,OSM,IL6ST,OSM_IL6ST
1461,OSM,LIFR,OSM_LIFR
1462,OSM,OSMR,OSM_OSMR
1463,OSTN,NPR3,OSTN_NPR3
1464,OXT,AVPR1A,OXT_AVPR1A
1465,OXT,AVPR1B,OXT_AVPR1B
1466,OXT,AVPR2,OXT_AVPR2
1467,OXT,OXTR,OXT_OXTR
1468,PCSK9,VLDLR,PCSK9_VLDLR
1469,PDAP1,PDGFRB,PDAP1_PDGFRB
1470,PDGFA,PDGFRA,PDGFA_PDGFRA
1471,PDGFB,ART1,PDGFB_ART1
1472,PDGFB,LRP1,PDGFB_LRP1
1473,PDGFB,PDGFRA,PDGFB_PDGFRA
1474,PDGFB,PDGFRB,PDGFB_PDGFRB
1475,PDGFC,FLT4,PDGFC_FLT4
1476,PDGFC,KDR,PDGFC_KDR
1477,PDGFC,PDGFRA,PDGFC_PDGFRA
1478,PDGFD,PDGFRB,PDGFD_PDGFRB
1479,PDYN,OPRD1,PDYN_OPRD1
1480,PDYN,OPRK1,PDYN_OPRK1
1481,PDYN,OPRM1,PDYN_OPRM1
1482,PENK,MRGPRX1,PENK_MRGPRX1
1483,PENK,OGFR,PENK_OGFR
1484,PENK,OPRD1,PENK_OPRD1
1485,PENK,OPRM1,PENK_OPRM1
1486,PF4,CXCR3,PF4_CXCR3
1487,PF4,FGFR2,PF4_FGFR2
1488,PF4,LDLR,PF4_LDLR
1489,PF4,PROCR,PF4_PROCR
1490,PF4,SDC2,PF4_SDC2
1491,PF4,THBD,PF4_THBD
1492,PGF,FLT1,PGF_FLT1
1493,PGF,NRP1,PGF_NRP1
1494,PGF,NRP2,PGF_NRP2
1495,PIGF,FLT1,PIGF_FLT1
1496,PIP,CD4,PIP_CD4
1497,PLA2G10,PLA2R1,PLA2G10_PLA2R1
1498,PLAT,LRP1,PLAT_LRP1
1499,PLAU,IGF2R,PLAU_IGF2R
1500,PLAU,LRP1,PLAU_LRP1
1501,PLAU,LRP2,PLAU_LRP2
1502,PLAU,PLAUR,PLAU_PLAUR
1503,PLAU,ST14,PLAU_ST14
1504,PLG,F2R,PLG_F2R
1505,PLG,F2RL1,PLG_F2RL1
1506,PLG,F3,PLG_F3
1507,PLG,ITGA9,PLG_ITGA9
1508,PLG,ITGB1,PLG_ITGB1
1509,PLG,PLGRKT,PLG_PLGRKT
1510,PLTP,ABCA1,PLTP_ABCA1
1511,PMCH,MCHR1,PMCH_MCHR1
1512,PMCH,MCHR2,PMCH_MCHR2
1513,PNOC,OPRL1,PNOC_OPRL1
1514,PODXL2,SELL,PODXL2_SELL
1515,PODXL,SELL,PODXL_SELL
1516,POMC,MC1R,POMC_MC1R
1517,POMC,MC2R,POMC_MC2R
1518,POMC,MC3R,POMC_MC3R
1519,POMC,MC4R,POMC_MC4R
1520,POMC,MC5R,POMC_MC5R
1521,POMC,OPRD1,POMC_OPRD1
1522,POMC,OPRK1,POMC_OPRK1
1523,POMC,OPRM1,POMC_OPRM1
1524,PON2,HTR2A,PON2_HTR2A
1525,PPBP,CXCR1,PPBP_CXCR1
1526,PPBP,CXCR2,PPBP_CXCR2
1527,PPY,NPY4R,PPY_NPY4R
1528,PPY,NPY5R,PPY_NPY5R
1529,PRLH,PRLHR,PRLH_PRLHR
1530,PRL,PRLR,PRL_PRLR
1531,PRND,RPSA,PRND_RPSA
1532,PROC,PROCR,PROC_PROCR
1533,PROC,THBD,PROC_THBD
1534,PROK1,PROKR1,PROK1_PROKR1
1535,PROK1,PROKR2,PROK1_PROKR2
1536,PROK2,PROKR1,PROK2_PROKR1
1537,PROK2,PROKR2,PROK2_PROKR2
1538,PROS1,AXL,PROS1_AXL
1539,PROS1,TYRO3,PROS1_TYRO3
1540,PRSS23,TMEM222,PRSS23_TMEM222
1541,PSAP,CD1B,PSAP_CD1B
1542,PSAP,CELSR1,PSAP_CELSR1
1543,PSAP,GPR37,PSAP_GPR37
1544,PSAP,GPR37L1,PSAP_GPR37L1
1545,PSAP,LRP1,PSAP_LRP1
1546,PSEN1,NCSTN,PSEN1_NCSTN
1547,PSEN1,NOTCH1,PSEN1_NOTCH1
1548,PSEN1,NOTCH2,PSEN1_NOTCH2
1549,PSEN1,NOTCH3,PSEN1_NOTCH3
1550,PSEN1,NOTCH4,PSEN1_NOTCH4
1551,PSPN,GFRA1,PSPN_GFRA1
1552,PSPN,GFRA4,PSPN_GFRA4
1553,PSPN,RET,PSPN_RET
1554,PTDSS1,JMJD6,PTDSS1_JMJD6
1555,PTDSS1,SCARB1,PTDSS1_SCARB1
1556,PTGS2,CAV1,PTGS2_CAV1
1557,PTGS2,PTGDR2,PTGS2_PTGDR2
1558,PTH2,PTH1R,PTH2_PTH1R
1559,PTH2,PTH2R,PTH2_PTH2R
1560,PTHLH,PRLHR,PTHLH_PRLHR
1561,PTHLH,PTH1R,PTHLH_PTH1R
1562,PTHLH,PTH2R,PTHLH_PTH2R
1563,PTH,PTH1R,PTH_PTH1R
1564,PTH,PTH2R,PTH_PTH2R
1565,PTMA,VIPR1,PTMA_VIPR1
1566,PTN,ALK,PTN_ALK
1567,PTN,CDH10,PTN_CDH10
1568,PTN,PLXNB2,PTN_PLXNB2
1569,PTN,PTPRB,PTN_PTPRB
1570,PTN,PTPRS,PTN_PTPRS
1571,PTN,PTPRZ1,PTN_PTPRZ1
1572,PTN,SDC1,PTN_SDC1
1573,PTN,SDC3,PTN_SDC3
1574,PYY,FAP,PYY_FAP
1575,PYY,NPY1R,PYY_NPY1R
1576,PYY,NPY2R,PYY_NPY2R
1577,PYY,NPY4R,PYY_NPY4R
1578,PYY,NPY5R,PYY_NPY5R
1579,QRFP,P2RY14,QRFP_P2RY14
1580,QRFP,QRFPR,QRFP_QRFPR
1581,RAET1E,KLRK1,RAET1E_KLRK1
1582,RARRES2,CCRL2,RARRES2_CCRL2
1583,RARRES2,CMKLR1,RARRES2_CMKLR1
1584,RARRES2,GPR1,RARRES2_GPR1
1585,RBP3,NOTCH1,RBP3_NOTCH1
1586,RBP4,STRA6,RBP4_STRA6
1587,RELN,ITGA3,RELN_ITGA3
1588,RELN,ITGB1,RELN_ITGB1
1589,RELN,LRP8,RELN_LRP8
1590,RELN,VLDLR,RELN_VLDLR
1591,REN,ATP6AP2,REN_ATP6AP2
1592,RGMA,NEO1,RGMA_NEO1
1593,RGMB,NEO1,RGMB_NEO1
1594,RIMS1,CACNA1C,RIMS1_CACNA1C
1595,RIMS2,ABCA1,RIMS2_ABCA1
1596,RLN1,RXFP1,RLN1_RXFP1
1597,RLN1,RXFP2,RLN1_RXFP2
1598,RLN2,RXFP1,RLN2_RXFP1
1599,RLN2,RXFP2,RLN2_RXFP2
1600,RLN3,RXFP1,RLN3_RXFP1
1601,RLN3,RXFP2,RLN3_RXFP2
1602,RLN3,RXFP3,RLN3_RXFP3
1603,RLN3,RXFP4,RLN3_RXFP4
1604,RNASE2,TLR2,RNASE2_TLR2
1605,RPH3A,NRXN1,RPH3A_NRXN1
1606,RPS19,C5AR1,RPS19_C5AR1
1607,RSPO1,LGR4,RSPO1_LGR4
1608,RSPO1,LGR5,RSPO1_LGR5
1609,RSPO1,LGR6,RSPO1_LGR6
1610,RSPO1,LRP6,RSPO1_LRP6
1611,RSPO1,ZNRF3,RSPO1_ZNRF3
1612,RSPO2,LGR4,RSPO2_LGR4
1613,RSPO2,LGR5,RSPO2_LGR5
1614,RSPO2,LGR6,RSPO2_LGR6
1615,RSPO3,FZD8,RSPO3_FZD8
1616,RSPO3,LGR4,RSPO3_LGR4
1617,RSPO3,LGR5,RSPO3_LGR5
1618,RSPO3,LGR6,RSPO3_LGR6
1619,RSPO3,LRP6,RSPO3_LRP6
1620,RSPO3,SDC4,RSPO3_SDC4
1621,RSPO4,LGR4,RSPO4_LGR4
1622,RSPO4,LGR5,RSPO4_LGR5
1623,RSPO4,LGR6,RSPO4_LGR6
1624,RTN4,CNTNAP1,RTN4_CNTNAP1
1625,RTN4,LINGO1,RTN4_LINGO1
1626,RTN4,RTN4R,RTN4_RTN4R
1627,RTN4,TNFRSF19,RTN4_TNFRSF19
1628,S100A8,TLR4,S100A8_TLR4
1629,S100A9,TLR4,S100A9_TLR4
1630,SAA1,FPR1,SAA1_FPR1
1631,SAA1,FPR2,SAA1_FPR2
1632,SCGB1A1,LMBR1L,SCGB1A1_LMBR1L
1633,SCGB1A1,LRP2,SCGB1A1_LRP2
1634,SCGB3A1,MARCO,SCGB3A1_MARCO
1635,SCGB3A2,MARCO,SCGB3A2_MARCO
1636,SCT,SCTR,SCT_SCTR
1637,SCT,VIPR1,SCT_VIPR1
1638,SCT,VIPR2,SCT_VIPR2
1639,SELPLG,SELE,SELPLG_SELE
1640,SELPLG,SELL,SELPLG_SELL
1641,SELPLG,SELP,SELPLG_SELP
1642,SEMA3A,NRP1,SEMA3A_NRP1
1643,SEMA3A,NRP2,SEMA3A_NRP2
1644,SEMA3A,PLXNA1,SEMA3A_PLXNA1
1645,SEMA3A,PLXNA2,SEMA3A_PLXNA2
1646,SEMA3A,PLXNA4,SEMA3A_PLXNA4
1647,SEMA3B,NRP1,SEMA3B_NRP1
1648,SEMA3B,NRP2,SEMA3B_NRP2
1649,SEMA3C,NRP1,SEMA3C_NRP1
1650,SEMA3C,NRP2,SEMA3C_NRP2
1651,SEMA3C,PLXND1,SEMA3C_PLXND1
1652,SEMA3D,NRP1,SEMA3D_NRP1
1653,SEMA3E,PLXND1,SEMA3E_PLXND1
1654,SEMA3F,NRP1,SEMA3F_NRP1
1655,SEMA3F,NRP2,SEMA3F_NRP2
1656,SEMA3F,PLXNA3,SEMA3F_PLXNA3
1657,SEMA3G,NRP2,SEMA3G_NRP2
1658,SEMA4A,PLXND1,SEMA4A_PLXND1
1659,SEMA4B,DCBLD2,SEMA4B_DCBLD2
1660,SEMA4C,PLXNB2,SEMA4C_PLXNB2
1661,SEMA4D,CD72,SEMA4D_CD72
1662,SEMA4D,ERBB2,SEMA4D_ERBB2
1663,SEMA4D,MET,SEMA4D_MET
1664,SEMA4D,PLXNB1,SEMA4D_PLXNB1
1665,SEMA4D,PLXNB2,SEMA4D_PLXNB2
1666,SEMA4F,NRP2,SEMA4F_NRP2
1667,SEMA4G,PLXNB2,SEMA4G_PLXNB2
1668,SEMA5A,MET,SEMA5A_MET
1669,SEMA5A,PLXNB3,SEMA5A_PLXNB3
1670,SEMA6A,PLXNA2,SEMA6A_PLXNA2
1671,SEMA6A,PLXNA4,SEMA6A_PLXNA4
1672,SEMA6D,KDR,SEMA6D_KDR
1673,SEMA6D,PLXNA1,SEMA6D_PLXNA1
1674,SEMA6D,TREM2,SEMA6D_TREM2
1675,SEMA6D,TYROBP,SEMA6D_TYROBP
1676,SEMA7A,ITGA1,SEMA7A_ITGA1
1677,SEMA7A,ITGB1,SEMA7A_ITGB1
1678,SEMA7A,PLXNC1,SEMA7A_PLXNC1
1679,SERPINA1,LRP1,SERPINA1_LRP1
1680,SERPINA7,SLC16A2,SERPINA7_SLC16A2
1681,SERPINC1,LRP1,SERPINC1_LRP1
1682,SERPINC1,SDC2,SERPINC1_SDC2
1683,SERPINE1,LRP1,SERPINE1_LRP1
1684,SERPINE1,LRP2,SERPINE1_LRP2
1685,SERPINE2,LRP1,SERPINE2_LRP1
1686,SERPING1,LRP1,SERPING1_LRP1
1687,SERPING1,SELE,SERPING1_SELE
1688,SERPING1,SELP,SERPING1_SELP
1689,SFRP1,FZD2,SFRP1_FZD2
1690,SFRP1,FZD6,SFRP1_FZD6
1691,SFTPA1,TLR2,SFTPA1_TLR2
1692,SFTPA2,CD93,SFTPA2_CD93
1693,SHANK1,ABCA1,SHANK1_ABCA1
1694,SHANK1,BAI2,SHANK1_BAI2
1695,SHANK1,LPHN1,SHANK1_LPHN1
1696,SHANK1,LPHN2,SHANK1_LPHN2
1697,SHANK1,SSTR2,SHANK1_SSTR2
1698,SHBG,CD177,SHBG_CD177
1699,SHBG,CLDN4,SHBG_CLDN4
1700,SHBG,SLC37A1,SHBG_SLC37A1
1701,SHH,BOC,SHH_BOC
1702,SHH,CDON,SHH_CDON
1703,SHH,GPC5,SHH_GPC5
1704,SHH,HHIP,SHH_HHIP
1705,SHH,LRP2,SHH_LRP2
1706,SHH,PTCH1,SHH_PTCH1
1707,SHH,PTCH2,SHH_PTCH2
1708,SHH,SMO,SHH_SMO
1709,SLIT1,GPC1,SLIT1_GPC1
1710,SLIT1,ROBO1,SLIT1_ROBO1
1711,SLIT1,SDC1,SLIT1_SDC1
1712,SLIT2,GPC1,SLIT2_GPC1
1713,SLIT2,ROBO1,SLIT2_ROBO1
1714,SLIT2,ROBO2,SLIT2_ROBO2
1715,SLIT2,ROBO4,SLIT2_ROBO4
1716,SLIT2,SDC1,SLIT2_SDC1
1717,SLIT3,ROBO2,SLIT3_ROBO2
1718,SORBS1,INSR,SORBS1_INSR
1719,SOST,LRP5,SOST_LRP5
1720,SOST,LRP6,SOST_LRP6
1721,SPINK1,EGFR,SPINK1_EGFR
1722,SPINK1,NRSN1,SPINK1_NRSN1
1723,SPINT1,ST14,SPINT1_ST14
1724,SPP1,CD44,SPP1_CD44
1725,SPP1,ITGA4,SPP1_ITGA4
1726,SPP1,ITGA5,SPP1_ITGA5
1727,SPP1,ITGA9,SPP1_ITGA9
1728,SPP1,ITGAV,SPP1_ITGAV
1729,SPP1,ITGB1,SPP1_ITGB1
1730,SPP1,S1PR1,SPP1_S1PR1
1731,SST,SSTR1,SST_SSTR1
1732,SST,SSTR2,SST_SSTR2
1733,SST,SSTR3,SST_SSTR3
1734,SST,SSTR4,SST_SSTR4
1735,SST,SSTR5,SST_SSTR5
1736,SYTL3,NRXN1,SYTL3_NRXN1
1737,TAC1,TACR1,TAC1_TACR1
1738,TAC1,TACR2,TAC1_TACR2
1739,TAC1,TACR3,TAC1_TACR3
1740,TAC3,TACR1,TAC3_TACR1
1741,TAC3,TACR2,TAC3_TACR2
1742,TAC3,TACR3,TAC3_TACR3
1743,TAC4,TACR1,TAC4_TACR1
1744,TAC4,TACR2,TAC4_TACR2
1745,TAC4,TACR3,TAC4_TACR3
1746,TCTN1,TMEM67,TCTN1_TMEM67
1747,TDGF1,ACVR1B,TDGF1_ACVR1B
1748,TDGF1,ACVR1C,TDGF1_ACVR1C
1749,TDGF1,ACVR2A,TDGF1_ACVR2A
1750,TFPI,LRP1,TFPI_LRP1
1751,TFPI,VLDLR,TFPI_VLDLR
1752,TF,TFR2,TF_TFR2
1753,TF,TFRC,TF_TFRC
1754,TGFA,EGFR,TGFA_EGFR
1755,TGFA,ERBB2,TGFA_ERBB2
1756,TGFA,ERBB4,TGFA_ERBB4
1757,TGFB1,ACVRL1,TGFB1_ACVRL1
1758,TGFB1,ENG,TGFB1_ENG
1759,TGFB1,ITGAV,TGFB1_ITGAV
1760,TGFB1,ITGB6,TGFB1_ITGB6
1761,TGFB1,ITGB8,TGFB1_ITGB8
1762,TGFB1,SDC2,TGFB1_SDC2
1763,TGFB1,TGFBR1,TGFB1_TGFBR1
1764,TGFB1,TGFBR2,TGFB1_TGFBR2
1765,TGFB1,TGFBR3,TGFB1_TGFBR3
1766,TGFB2,ENG,TGFB2_ENG
1767,TGFB2,TGFBR1,TGFB2_TGFBR1
1768,TGFB2,TGFBR2,TGFB2_TGFBR2
1769,TGFB2,TGFBR3,TGFB2_TGFBR3
1770,TGFB3,ACVRL1,TGFB3_ACVRL1
1771,TGFB3,ENG,TGFB3_ENG
1772,TGFB3,TGFBR1,TGFB3_TGFBR1
1773,TGFB3,TGFBR2,TGFB3_TGFBR2
1774,TGFB3,TGFBR3,TGFB3_TGFBR3
1775,TGM2,GPR56,TGM2_GPR56
1776,TGM2,ITGB1,TGM2_ITGB1
1777,TGM2,ITGB3,TGM2_ITGB3
1778,TGM2,SDC4,TGM2_SDC4
1779,TG,ASGR1,TG_ASGR1
1780,TG,LRP2,TG_LRP2
1781,THBS1,CD36,THBS1_CD36
1782,THBS1,CD47,THBS1_CD47
1783,THBS1,ITGA2B,THBS1_ITGA2B
1784,THBS1,ITGA3,THBS1_ITGA3
1785,THBS1,ITGA4,THBS1_ITGA4
1786,THBS1,ITGA6,THBS1_ITGA6
1787,THBS1,ITGB1,THBS1_ITGB1
1788,THBS1,ITGB3,THBS1_ITGB3
1789,THBS1,LRP1,THBS1_LRP1
1790,THBS1,LRP5,THBS1_LRP5
1791,THBS1,SDC1,THBS1_SDC1
1792,THBS1,TNFRSF11B,THBS1_TNFRSF11B
1793,THBS2,CD47,THBS2_CD47
1794,THBS2,ITGA4,THBS2_ITGA4
1795,THBS2,ITGA6,THBS2_ITGA6
1796,THBS2,ITGB1,THBS2_ITGB1
1797,THBS2,NOTCH3,THBS2_NOTCH3
1798,THPO,MPL,THPO_MPL
1799,TIMP1,CD63,TIMP1_CD63
1800,TIMP2,ITGA3,TIMP2_ITGA3
1801,TIMP2,ITGB1,TIMP2_ITGB1
1802,TIMP3,AGTR2,TIMP3_AGTR2
1803,TIMP3,KDR,TIMP3_KDR
1804,TNC,CNTN1,TNC_CNTN1
1805,TNC,EGFR,TNC_EGFR
1806,TNC,ITGA5,TNC_ITGA5
1807,TNC,ITGA7,TNC_ITGA7
1808,TNC,ITGB1,TNC_ITGB1
1809,TNC,PTPRB,TNC_PTPRB
1810,TNFSF10,TNFRSF11B,TNFSF10_TNFRSF11B
1811,TNFSF11,TNFRSF11A,TNFSF11_TNFRSF11A
1812,TNFSF11,TNFRSF11B,TNFSF11_TNFRSF11B
1813,TNFSF12,TNFRSF12A,TNFSF12_TNFRSF12A
1814,TNFSF12,TNFRSF25,TNFSF12_TNFRSF25
1815,TNFSF13B,TNFRSF13B,TNFSF13B_TNFRSF13B
1816,TNFSF13B,TNFRSF13C,TNFSF13B_TNFRSF13C
1817,TNFSF13B,TNFRSF17,TNFSF13B_TNFRSF17
1818,TNFSF13,FAS,TNFSF13_FAS
1819,TNFSF13,SDC2,TNFSF13_SDC2
1820,TNFSF13,TNFRSF11B,TNFSF13_TNFRSF11B
1821,TNFSF13,TNFRSF13B,TNFSF13_TNFRSF13B
1822,TNFSF13,TNFRSF14,TNFSF13_TNFRSF14
1823,TNFSF13,TNFRSF17,TNFSF13_TNFRSF17
1824,TNFSF13,TNFRSF1A,TNFSF13_TNFRSF1A
1825,TNFSF14,TNFRSF6B,TNFSF14_TNFRSF6B
1826,TNFSF15,TNFRSF6B,TNFSF15_TNFRSF6B
1827,TNFSF4,TRAF2,TNFSF4_TRAF2
1828,TNFSF9,TRAF2,TNFSF9_TRAF2
1829,TNF,TNFRSF1A,TNF_TNFRSF1A
1830,TNF,TNFRSF21,TNF_TNFRSF21
1831,TNF,TRAF2,TNF_TRAF2
1832,TRH,TRHR,TRH_TRHR
1833,TSHB,TSHR,TSHB_TSHR
1834,TSLP,IL7R,TSLP_IL7R
1835,UCN2,CRHR1,UCN2_CRHR1
1836,UCN2,CRHR2,UCN2_CRHR2
1837,UCN2,IL10RB,UCN2_IL10RB
1838,UCN3,CRHR1,UCN3_CRHR1
1839,UCN3,CRHR2,UCN3_CRHR2
1840,UCN3,IL10RB,UCN3_IL10RB
1841,UCN,CRHR1,UCN_CRHR1
1842,UCN,CRHR2,UCN_CRHR2
1843,ULBP2,KLRK1,ULBP2_KLRK1
1844,UTS2B,UTS2R,UTS2B_UTS2R
1845,UTS2,UTS2R,UTS2_UTS2R
1846,VASP,CXCR2,VASP_CXCR2
1847,VCAM1,ITGA4,VCAM1_ITGA4
1848,VCAM1,ITGAD,VCAM1_ITGAD
1849,VCAM1,ITGB1,VCAM1_ITGB1
1850,VCAM1,ITGB2,VCAM1_ITGB2
1851,VCAM1,ITGB7,VCAM1_ITGB7
1852,VCAN,CD44,VCAN_CD44
1853,VCAN,EGFR,VCAN_EGFR
1854,VCAN,ITGA4,VCAN_ITGA4
1855,VCAN,ITGB1,VCAN_ITGB1
1856,VCAN,SELP,VCAN_SELP
1857,VCAN,TLR2,VCAN_TLR2
1858,VEGFA,EPHB2,VEGFA_EPHB2
1859,VEGFA,FLT1,VEGFA_FLT1
1860,VEGFA,GPC1,VEGFA_GPC1
1861,VEGFA,KDR,VEGFA_KDR
1862,VEGFA,NRP1,VEGFA_NRP1
1863,VEGFA,NRP2,VEGFA_NRP2
1864,VEGFB,FLT1,VEGFB_FLT1
1865,VEGFB,NRP1,VEGFB_NRP1
1866,VEGFC,FLT4,VEGFC_FLT4
1867,VEGFC,KDR,VEGFC_KDR
1868,VEGFC,NRP2,VEGFC_NRP2
1869,VEGFC,VIPR2,VEGFC_VIPR2
1870,VIM,CD44,VIM_CD44
1871,VIP,ADCYAP1R1,VIP_ADCYAP1R1
1872,VIP,SCTR,VIP_SCTR
1873,VIP,VIPR1,VIP_VIPR1
1874,VIP,VIPR2,VIP_VIPR2
1875,VTN,ITGA5,VTN_ITGA5
1876,VTN,ITGA8,VTN_ITGA8
1877,VTN,ITGAV,VTN_ITGAV
1878,VTN,ITGB3,VTN_ITGB3
1879,VTN,ITGB6,VTN_ITGB6
1880,VTN,ITGB8,VTN_ITGB8
1881,VTN,PLAUR,VTN_PLAUR
1882,VTN,PVR,VTN_PVR
1883,VTN,TNFRSF11B,VTN_TNFRSF11B
1884,VWF,GP1BA,VWF_GP1BA
1885,VWF,ITGA2B,VWF_ITGA2B
1886,VWF,TNFRSF11B,VWF_TNFRSF11B
1887,WNT11,FZD7,WNT11_FZD7
1888,WNT1,FZD3,WNT1_FZD3
1889,WNT1,FZD8,WNT1_FZD8
1890,WNT1,FZD9,WNT1_FZD9
1891,WNT1,LRP5,WNT1_LRP5
1892,WNT1,LRP6,WNT1_LRP6
1893,WNT1,RYK,WNT1_RYK
1894,WNT2,FZD1,WNT2_FZD1
1895,WNT2,FZD5,WNT2_FZD5
1896,WNT2,FZD7,WNT2_FZD7
1897,WNT2,FZD8,WNT2_FZD8
1898,WNT2,FZD9,WNT2_FZD9
1899,WNT3A,APCDD1,WNT3A_APCDD1
1900,WNT3A,FZD1,WNT3A_FZD1
1901,WNT3A,FZD2,WNT3A_FZD2
1902,WNT3A,FZD5,WNT3A_FZD5
1903,WNT3A,FZD6,WNT3A_FZD6
1904,WNT3A,FZD7,WNT3A_FZD7
1905,WNT3A,FZD8,WNT3A_FZD8
1906,WNT3A,LRP1,WNT3A_LRP1
1907,WNT3A,LRP6,WNT3A_LRP6
1908,WNT3A,RYK,WNT3A_RYK
1909,WNT3,FZD1,WNT3_FZD1
1910,WNT3,FZD7,WNT3_FZD7
1911,WNT3,FZD8,WNT3_FZD8
1912,WNT3,LRP6,WNT3_LRP6
1913,WNT3,RYK,WNT3_RYK
1914,WNT4,FZD2,WNT4_FZD2
1915,WNT4,FZD6,WNT4_FZD6
1916,WNT5A,FZD1,WNT5A_FZD1
1917,WNT5A,FZD2,WNT5A_FZD2
1918,WNT5A,FZD4,WNT5A_FZD4
1919,WNT5A,FZD5,WNT5A_FZD5
1920,WNT5A,FZD6,WNT5A_FZD6
1921,WNT5A,FZD7,WNT5A_FZD7
1922,WNT5A,FZD8,WNT5A_FZD8
1923,WNT5A,LRP5,WNT5A_LRP5
1924,WNT5A,MCAM,WNT5A_MCAM
1925,WNT5A,ROR1,WNT5A_ROR1
1926,WNT5A,ROR2,WNT5A_ROR2
1927,WNT5A,RYK,WNT5A_RYK
1928,WNT7A,FZD10,WNT7A_FZD10
1929,WNT7A,FZD5,WNT7A_FZD5
1930,WNT7A,FZD9,WNT7A_FZD9
1931,WNT7B,FZD1,WNT7B_FZD1
1932,WNT7B,FZD10,WNT7B_FZD10
1933,WNT7B,LRP5,WNT7B_LRP5
1934,XCL1,XCR1,XCL1_XCR1
1935,XCL2,XCR1,XCL2_XCR1
1936,YARS,CXCR1,YARS_CXCR1
1937,ZG16B,CXCR4,ZG16B_CXCR4
1938,ZG16B,TLR2,ZG16B_TLR2
1939,ZG16B,TLR4,ZG16B_TLR4
1940,ZG16B,TLR5,ZG16B_TLR5
1941,ZG16B,TLR6,ZG16B_TLR6
1942,ZP3,MERTK,ZP3_MERTK
